deepsense_NEAQ_id,flukebook_individual_id
1001,77c3ef9c-2dc8-42c0-8759-b497988a210e
1002,b9676509-366b-492d-8814-0ad5ee8098df
1003,625d3946-1a02-49b3-a9ef-f3688d5d627f
1004,584d0d65-01c3-467b-ad9e-b40e1ab77a9c
1005,7cd5f8df-8a7a-4a30-ae96-ebe68bccfb55
1006,69d1d588-f14c-4fd9-b944-3447dbbcf0a0
1007,082ba598-2c72-4aaf-b439-c2f4844c2205
1010,6a732dc1-49cb-4cf6-b2c2-96470d15b3ec
1012,4934ca20-85aa-46ef-8cca-f484a8d92d07
1013,4cf8be73-075b-4262-8fcf-215a3f4d8eda
1014,9445a162-f363-4156-a31f-fc94395fe00d
1017,6ab88e05-7569-4427-bbe8-b106c21188d7
1018,c0d189ed-99ee-409c-84ac-9dd27f298c09
1019,d8459242-a1c4-4597-b110-9780f509ba05
1021,447b7961-609e-4a96-9481-6c60216de2dc
1025,b82574b2-c0a3-436a-a64b-d04fd66a2a32
1026,36b235e6-e479-4000-90a6-88dc24ef6dfb
1027,fa927a9f-e7ba-4851-87ea-bd55c58ec519
1028,e22390ef-27ed-42e1-9449-1c3cef2d2974
1032,4c5080f2-006c-4aad-a512-3d52f4c0bc96
1033,83317fc4-e0ea-481a-a9ef-504b50cd036d
1034,5f3dcbb2-b1a0-46be-818b-7c3e59724803
1035,4499b1fd-69bb-42a5-abe9-8e2c55c2e548
1036,a6725193-547b-4b40-9f05-929a364ecf33
1037,2be1e0b9-5ca3-42c3-8113-c87f936287d5
1038,11986e91-f660-40ed-805a-571de6335e7e
1039,c5d0467c-cea6-40e9-b2fb-b7f7bc795b4a
1041,eab6b9e0-d705-4dbf-ae11-b30ca25c8859
1042,95c99a0a-58d3-425b-ab3f-7428b6e93c57
1043,115663d9-a2ba-4ada-a2b3-1f7ddeadcbac
1045,9f66f498-cbad-4a0a-b30d-abe764aac8d9
1046,60c27726-85f5-43f4-a86e-ac4282146f16
1047,1cb140a2-73b2-469b-af48-2d8b6af4d726
1048,24fa86a1-6b5d-486d-a943-8768472bec10
1049,e984a09b-a23f-40a0-905f-d95e62f0e663
1050,490ac8a2-5ff7-47f6-b92b-b094d6be26fa
1051,fedd5141-0390-4199-9b44-9bccc4b8a24c
1052,6a491b85-d1bd-4cf4-9674-822e0d99d9d2
1055,80bae6cd-eaba-47a7-9c64-dd86fee387df
1056,c7bf7c64-7ccb-4774-be3c-4989bab54545
1077,dd81a278-d2fa-4c29-8c33-37e486ebb1ae
1102,be72db29-f4b4-4b8a-a47e-965a3df78776
1103,97c4936a-85c9-4683-8239-9f2e9977afd7
1111,b5fb370e-47b5-45a1-94d2-b2640847042c
1112,87b73ecc-2f78-44ad-840a-60c0e4ccb9c5
1113,0a9accd7-b462-4ba1-9faf-35d8fb422ed5
1114,096cad81-aa73-4d9e-9e4b-1ecb3fa8b9be
1117,060f0fab-ee61-4c13-8945-b201ff5efea0
1118,d18a7c64-f3ee-49a6-b17f-2bc3a3feb35b
1120,20773151-0bae-42c4-bbc8-3b95399d4ae2
1121,fad35380-e14e-4bf1-9a30-865dba004bf4
1122,1042b159-3248-46e1-8e15-d6450b37f0a9
1123,b7648dc6-5d11-41f8-ba8d-e481db238975
1124,5e212e8c-a0aa-4557-9682-b20bedf891c9
1125,00e11a59-8ddf-44ff-a9e8-524cb18f32b3
1126,8f944758-4722-4344-847b-fdcaff1f83b1
1127,f5ebdf80-03b8-4faf-8946-9c23a1959124
1128,7b1fd273-cff1-42cf-bed7-187dbc942005
1130,bef9bf39-06b1-4ac9-b429-9771d8bbab79
1131,64874032-1833-49b3-9560-6be98213537c
1132,6c735ffd-28c4-4373-a1f0-c086b40982d0
1133,363e3f92-1aa0-4fe6-a6a4-cd220c0e3158
1134,a3e33fa4-5db6-4be0-9a57-82fddb92743b
1135,a65c52f3-3f62-40ae-a9bd-c919d53e0bee
1136,a25526d2-9bd8-48fe-870e-9220b49937cc
1138,21ba07df-73b7-468a-bc82-b9b9eb03164d
1140,3b72d9f3-68fa-4a1f-8b4c-d679cbcc6e16
1142,dd21ec11-0c42-41dd-b59c-c4a8c57d5822
1144,42f38d2d-766d-47ec-b016-93249efbaafe
1145,5fff46c1-2119-4cac-96ad-e000add165d7
1146,bab6badc-0e21-471f-9941-f44b4293532b
1147,6e13a4b5-e2ec-4f76-8407-48950dce4c16
1149,0926a5ce-037a-4912-b1b2-30ff11991c12
1150,3fa3cd2b-a4ef-4860-823c-68e77bf9e085
1151,ea64f485-cd57-4ff1-8d92-285cca34c4c7
1152,9b3a3cc0-c140-4495-982d-90c0fbcae41c
1153,2725932b-36b6-4bc9-b92b-c290d75f7f52
1154,190cdd1c-d5f5-4be2-9b0d-a1cb6192d0b8
1155,61cd48b5-6ae2-463d-be08-cbd7e1abe205
1156,adae719f-d75e-455b-b5ed-1aba0acbd1c3
1157,ae42a3c6-1226-4250-9467-82e159f29924
1158,59fe96d3-8021-45a3-bbda-d09a3f30c10e
1159,aa28bb65-6511-47b9-8c58-e692366d8d9a
1160,ebe6d2bb-4987-4b73-be2f-20e4368b3a04
1161,74e6c241-de4b-42e8-a536-1da6a0b1b1f8
1162,b87f6b12-df41-427b-a01e-202e58116eb0
1163,de41f58e-cd14-4aa1-b189-b4f1f29bea7f
1166,6bcb9ae0-c38c-4f95-81c4-8cff5a4089b5
1167,20364d74-099f-4df4-8a9d-568aaaecd1e8
1168,8d98457f-493b-43b2-8ab3-56c22f1e8226
1169,baab1aa5-c356-407e-81bf-edafb7b847d6
1170,d000ba8b-6c82-451b-8170-93095e359ae7
1171,c71d20f0-b598-4ecc-bf1f-9baf1319d88b
1173,5c2876eb-d79d-4cf6-ae1b-6c73d2a6aa9a
1174,301fc79c-660b-49b6-a615-10a2aaf3919f
1175,c39f9c1f-bd4e-4f32-8f66-e4c739591cac
1176,4e939a0c-0bd5-4d77-aadb-50e8a254cc15
1177,fad7223f-291b-4cbc-b18f-4dbe010df7ae
1179,89bc1586-40a5-4392-9a67-7971e259f802
1201,955a8c4a-8c0d-4399-a78e-ae721a9bfb4d
1202,7114d79e-18a6-4f03-8911-f28957806763
1203,074dd6a1-dce8-4a79-880b-80fed350d4aa
1204,3ccbfcd6-bbd3-474b-b3e7-cd773bdfc60b
1206,952a2e91-2b9b-4f46-9a7f-30f8804ad938
1207,070cffcf-babf-441d-9ec8-d29fb71bc172
1208,2e685a00-02f1-42ea-94d6-2a07d3b86676
1209,b38ddc5b-be41-4bf2-8c5f-fd31d4df8b07
1217,00bb5d37-334c-499e-94cc-c87230fae06f
1218,8ec25489-7244-4384-8a0d-7142e46324e1
1219,4859e4c8-0013-4361-b59a-d86b50d1494a
1222,3c21dbb4-9720-4c90-94ec-7096299ad99a
1223,3092f6d9-93e5-48aa-aa0b-5ad11800a1e5
1226,4beaf43c-fdff-4cd5-bf5a-7dde66468b1e
1227,c02ca539-efc8-42ac-9ad4-3f3a25c06493
1233,96ecaf36-b718-4c09-afba-8999967fa382
1238,4bd68e31-4a8b-45a1-a943-e154d0ccfc4c
1239,37840183-5cd0-4660-ae59-d79cbeef7891
1240,b207258e-9c41-4101-a15c-7405e52c20bb
1241,5f91e392-2f38-497f-be25-c1cbdb6573c7
1242,b2b93b88-4da3-4325-89c2-1dec31db04a6
1243,cf5d714f-1834-4555-bda5-2f3f09dab1a2
1245,8bd1ad5c-5730-4a7c-bad5-6723154c25d2
1246,280e0bed-784e-4238-99b7-17a3f1096ce0
1247,75296ec4-7bbb-4022-8d34-26dc4760b3dc
1248,865f5af2-8999-483c-9ebd-728a0a3676f6
1249,64b0b01b-1468-498a-8f92-6a93ab60c4bf
1250,879a005a-7026-46d7-80dc-302380889e1b
1254,2b12843c-1778-48e3-ac0a-e1532602a278
1259,eace6ed4-3173-46ee-9276-698e3cb2813b
1264,4342a57a-4b99-48b7-bb5e-48526ac7131a
1265,26e34095-21cb-43a6-a2e0-fc4322a8bec5
1266,3a9bd0c9-122d-4af3-9279-cfc449ba9c07
1267,a4b56a1c-5665-4f3b-ac79-0a83bedbcd39
1268,8f04c29f-39eb-4ec9-8f97-be78d965528a
1270,e74ace1d-f920-4ed2-8266-c266050a3ed2
1271,7859bc54-c5c2-4c21-9f86-ccdd92850e14
1272,f5e919f8-f0da-4e88-845e-ab22b1769c86
1276,7447ee5e-ca9e-42be-8c7f-35bed7f2549f
1278,d90a7322-e086-4cef-b369-59dbfeef54aa
1279,deb6fafa-53a1-43c5-a0f7-7ee5faa4e2f1
1280,f239e5c8-4366-4849-aa2a-bb6bc2575718
1281,e552c033-cccd-4e32-ad3d-a2e9616ce0f7
1283,0a6f111f-bf04-4560-a0de-526aa9ae2513
1284,e4e431ae-26ab-43e1-a617-1da3497d289e
1301,a6b5db08-2338-4910-b33c-dd5735d00a52
1302,0a4e3d17-efb7-472e-be2d-77080a0ec715
1303,1f4f193e-0049-4e5c-9f52-95a515a5db5b
1304,e57c9863-d550-4a82-b001-c8fa6f1aefad
1306,c879ca2f-23f0-456f-beb2-009440767e64
1307,3436eef6-294b-4b60-a86b-e318c4386bdb
1308,7705e747-0157-48d9-a9cf-69f13dc8662c
1310,43450b16-aa66-46eb-9035-6dc5925f2a6e
1311,daa30b6e-26d6-4b43-a56e-b98585dfcec8
1312,58b92d55-b496-4c44-9a46-a1f34a51ba2d
1314,313a8955-481d-4469-a059-08d956fa080b
1315,41d47619-ffdc-496f-a12d-2862089b723b
1316,8fff9eb1-d610-45a4-a6dc-6ca58ba78c7c
1317,cb6f9e9d-d255-48cf-8547-f7dbc3b2f6d9
1318,b09e55ff-44c3-424c-a978-b9f84a4429b3
1319,20e45af1-9cfc-48b7-b89f-37c077e014c7
1320,eb3ec957-030d-4660-a9dc-63434ba3c9aa
1321,3b929448-02c7-4a1f-8f9e-cb3ca283fe4e
1323,f0395fe7-8a4c-4732-992e-de71f5cd786a
1324,27c717dc-694c-4d51-92da-797839962fab
1325,d65f9ff9-b5e4-40a2-b572-5b74fce64f22
1326,76202d7f-a2b6-4bc0-b989-16a14a858c84
1327,a02679a0-7dbe-4a87-9844-0c31eff92ae9
1328,0835c672-df9e-4a43-a15d-c7e8457924ee
1331,cd4af3c4-eee1-4bc5-b1ab-fcd623ce2297
1332,dcbd1614-8530-40b9-94e9-11917ddcb4de
1333,90b9da1f-e23a-44d1-be25-f4a9b2fcfdf6
1334,5be16aa8-b1df-47fc-bb61-569492ae0e73
1401,c9291a45-8f44-4d75-b425-3b64095011cf
1402,f6c64c0c-39a1-4ffd-9ce8-22c61d7df35d
1403,a12ec2dd-7066-43c4-8d70-d13037eb261d
1404,3b1eab0a-d73e-496e-9480-c9f598cbaef8
1405,d378857d-551f-45d0-a8fa-9f8a6f5d87c3
1406,61a542e7-3b27-4843-8a26-de8953850069
1407,48ddbfa6-6a96-4770-844c-db5e524903f7
1408,4a82748c-7cde-4c66-93b0-9ff4b774e923
1409,674afd5c-9383-4d44-a8aa-f3c54d745dbc
1410,e568b822-378f-46d7-bbfc-68a3e4439853
1411,ec626433-8bf3-4caa-8de1-dcd4cf6f1879
1412,7aab3389-f97e-49d9-bdbb-874d8830b4bd
1415,7bd34b8a-ba75-44a4-b7a8-419e0cec83da
1419,f4540a49-1dc7-4bff-a6b8-356b3fa2b15e
1421,eadbe7f6-7931-4001-9a67-9527f9a00193
1422,fd61f1b2-b32c-4fa0-9bea-371f5b73dc4d
1423,17d0ed81-1e73-414b-8654-ef9c6897a6bf
1424,8420fbb5-f10e-4216-9798-36be5a87bd8e
1425,c354c1ec-c3d1-4d03-9d74-d139fed82a5e
1426,abf92001-46e6-41f0-8d22-af848cc373b2
1427,a86dc719-df4f-4215-b8d6-2016babf244f
1428,c5e5ec51-b0e2-4a92-8b08-e1d5e67973e6
1429,9ef4149e-8b2b-4345-8418-d9634a23280a
1430,6848fd60-356d-4372-9f00-4ea6e6248e13
1501,c52fefa8-4355-4880-8c83-c4fc1c6bef45
1502,a30fedb5-4402-452b-9195-86d73f864a42
1503,907fca1a-7c15-42be-976f-8bec782a14c3
1505,a257c765-ad80-45c7-8420-6b3993e5ed41
1506,fef759fc-20d3-494d-9605-5fb3fab12dc4
1507,540a5a1d-f5d3-4f6c-af1c-21c0f1d3dd59
1509,c0a3091a-fd1a-44cd-b322-29460f8b8e6a
1511,f49bb783-5115-4629-887f-163e8b78ea82
1512,4ad122a1-1cc9-498c-bef5-5619e91d71de
1513,23ac3796-5517-472d-9bcc-073b212ba3b0
1514,e5f54366-19d4-42a8-ba94-d62d447ba128
1515,418e5631-c220-44d5-87f3-c4c277144f7f
1516,4858794d-45bc-4b29-b698-3be68644de9f
1601,b27ffcc6-7711-4cb5-a09a-e2580f63c949
1602,f0542820-d665-468b-bdda-172b5f28b07f
1603,d1c390f9-88ed-48a9-ae4f-96614e4798fb
1604,e0594c7a-6905-46f5-883d-5a20ed0dc37b
1605,71864284-8b5d-4f1a-97c0-49279e615fa2
1606,ad440a14-57f1-457b-ac80-dc3ae07a5ff2
1607,2b2c79c7-01da-422a-9867-c2030a975442
1608,a2b2f029-742f-4b8c-896d-62d8636c7a89
1609,ee463d3b-5b74-4826-9e06-f05cb5a17eee
1610,e5e8c5be-6729-4604-837c-34dc7a6e4aa7
1611,48ff73af-ee9a-4f48-baf3-e99c6d1d6b53
1612,9eaba05f-8fc9-4286-abe7-0c9105855831
1613,e74ae90f-5e5c-4bd8-b6d0-f4a619bcae92
1616,3c288588-c38a-41e7-8242-34b9a67e3584
1617,68d5259c-f90f-492f-8d61-fd8ba255ad19
1619,70610950-867e-4aaa-9d19-cc83caafaa21
1620,d853593c-7328-40c7-aa54-7b60ac5d27ff
1621,57fe1c83-4fc1-4745-bdd4-e7ba987464ea
1622,e204bec6-c5b1-4671-92a6-72d2f3b2304e
1623,da33484c-a893-4271-b0cb-1540e424842a
1624,26ca871f-213f-4dd0-8e1a-d15ad7c8d341
1625,2d754627-a9e4-4726-b02e-05b8dd0a830e
1627,d476d8cd-c4d1-4559-9907-2d3d4c91296a
1628,dfd40222-d266-4cde-b67f-af206f82d603
1629,4412dd8c-213f-4d4f-8fd1-bf144cec6c43
1630,6b7e815e-22c3-4656-a830-d5c2cc359eca
1632,619eb7f1-9cfa-4426-877d-b842f4f99ef5
1701,9ac78866-41fa-413b-983e-b77b7f26c2de
1702,0a2c3da9-ef8e-4b28-8754-5c32fa3e075e
1703,87e6dc12-7c5a-4b62-b35e-b93143c15e99
1704,f3a6787b-8178-4129-9d3f-adefe9f3ddf5
1705,62f7020b-02c6-42c2-9742-4d63d4eea885
1706,e2f3844c-2421-4179-b55f-55247c3dd362
1707,e3f6cb71-454a-4588-99a3-d98b625414ed
1708,a6ff95a6-8b90-4a06-a751-cf67b7a19874
1709,bb66a5a6-5a52-434f-9780-317325c4dc43
1710,8703cc08-2649-4321-a1ac-6cec6f5e209c
1711,5ea86a66-d4a1-4f26-b676-f60c3d3208eb
1712,0f94cb49-4308-408f-930d-e2486b819cdc
1713,ac413964-42ec-4a69-9810-f22483ddaac8
1715,6ed5dbdd-df66-4aae-9bde-0cd40d4cd91a
1716,2214db4f-40f2-4352-8969-9ea88379d233
1718,a3a8b1f2-7167-49bb-bc6e-d1bb319ab84e
1719,c8175838-acec-4bfa-ab93-0a4aa8778e96
1720,5069c06a-74dd-4432-b758-77050a49aabe
1801,d1819d62-b512-4f03-b730-32f394558f31
1802,998338ac-b0f9-4525-b5cf-5397eb93b930
1803,9e1b96c1-0bae-43c0-a13a-c7f264bee3ad
1804,2571c8ad-677f-407a-a650-944153b238bb
1805,7e1a9dc3-12d6-4ceb-963d-ccb0c77eee2d
1806,d7ee8eb2-3b1a-4554-870e-12389dec441a
1807,455aa720-ddbd-495b-94cb-edde7731bb55
1808,04208535-16b7-4bad-ae18-401653fd656e
1810,9426d524-3259-4b8c-ac9e-fdafc15f7c69
1811,041c5259-2f47-4c5d-8515-80c7be1b3aec
1812,325fdc52-fcbd-43dd-937e-59fb32b84cd2
1813,4355feb2-9baf-45c2-93d3-2b088b496031
1814,4e41f3b2-00c9-4bc2-bffc-64eba8c63521
1815,1af4434b-c62e-4590-aa8d-10152c169ec7
1816,5591b768-a2dc-401d-88d8-e2bb25732f13
1817,1510dd9c-262d-4d11-b621-f02dc0d320f5
1818,1b1cb87f-94ae-4124-920e-a898529b716e
1819,5704d6e9-1e0b-4153-b838-0121b82a70d7
1820,0ad0fb4b-1e8b-4e7b-8500-4850b1ad7877
1821,75da11f3-810c-4757-8389-83c92d552a96
1901,aa1ed876-d2de-4a84-81f4-427391813177
1903,60935712-d35b-4611-9acc-61dfe017db59
1907,682e908e-e543-41a4-93b5-3c03c16f4cb2
1909,248af583-5440-4977-beb8-ef1f193ac936
1911,fa0b9bf9-fd2e-4f54-ae25-c620088dfd1d
1920,b0b893b1-e9cf-48e5-af8d-b83acbcc1ae5
1930,bd6d4060-128c-4235-b291-451cfd4e60ed
1931,c88aa255-cea2-449f-903b-8a1a0450b8d8
1933,61692306-eadf-4c40-97f4-778394414393
1934,a35741ac-891d-4d76-a20d-d92bf0de34bc
1940,b324b6ff-f103-4630-98c3-2e7c2e00b1d7
1941,130a9c1b-37d6-4a5f-920b-aad2c8cc9522
1946,4fee7b06-d8b6-4847-8499-7acc77527ead
1950,946c0d0a-bf1e-45fb-ba4a-97bf6a66d5f7
1954,09a4f838-e6e8-4185-848e-2765a821a76a
1960,73abe349-77e8-49e7-ac76-1aa68712e5ab
1968,db958ad3-5084-4cec-99d7-5762afa2d1ae
1970,8b6a8000-e22d-4653-99bb-336e71639d96
1971,77b1356e-46cb-4f32-ac49-1e62c9528619
1980,ad42168d-9a78-493e-8a6d-43a95c7e92bd
1981,d8727acc-950d-4d36-86fc-2f209b8cba3a
1990,1de8ac03-0f8a-4b0f-88cd-58a1b9e91d9f
2004,6a8d79cc-5c2c-49f9-8a66-1ae45f614306
2010,e7f81eb5-a279-491b-a1d0-58cfbcd8df35
2014,65b80084-16ab-4314-8275-a03c51b647dc
2018,c1ec2a29-72a7-46a1-969a-2339e965fa33
2027,a2404905-63de-41fd-8714-b2c0d55175f3
2029,7ebe9ec4-9768-4115-9d4e-d63be3aa0d12
2030,fd75abb9-0a04-4083-aef5-04619dd0d0ac
2040,b08dba70-01af-406d-8a12-754743438375
2042,55c23555-7578-4748-b00d-22620198beb7
2048,138eeeb5-7e8b-4559-901c-3d8a00b55d9e
2050,23918533-5ed9-4d92-9331-0e441d9a59dc
2057,c598cacb-4a88-4299-ad41-38d19eb266ec
2110,2878b49e-7dfd-4dfa-8549-9a63c5b74343
2114,16739492-694f-4a2c-8f2a-0f6ca2222a2d
2120,b035e21b-9a56-4ba7-a825-0a09303765c3
2123,1dbbb924-25f7-4466-8502-2ebbdd03d8e5
2130,31c7136a-ecbc-472c-830e-6772083ccc8a
2135,b0fa87a9-cd60-4cf1-aac6-62e3959d1a62
2140,7d98bfce-0974-4413-ab50-39e6c5ab418a
2142,8bb06d90-1cb7-41b5-bd29-b8885924e350
2143,2920e3c8-2ad3-47ed-a3af-82ee6bbbf751
2145,faec763c-679f-44e5-bee7-a5bda0b1dde9
2150,67a65553-a59f-49ca-965e-96dfd1006883
2151,82b3fc80-8441-41c1-82f0-21be5acbab11
2158,f6789f77-873a-4c22-b7f3-6fffe341206b
2160,deef349b-7266-4dc0-8eba-7497c75d7d5e
2163,63f02ce3-bcc5-4d82-8e2a-bacb5813c633
2201,4f53d9e2-ba29-4ee4-b2d0-e89a7b59c0b2
2209,bafe24c5-da97-4cff-9a38-9cf95d3cae57
2210,821c690f-0cbd-43ad-87aa-66a9eea8db8c
2212,4d8e353c-fba4-457c-9bdc-3d4a4143d97b
2215,324c5b91-1f37-47b9-9b9c-364c917875dc
2220,0cb00b31-7ca3-472e-84b1-aa3ecb31fe9f
2223,24f83405-772e-4dcd-b3c7-4c8b1976e396
2230,566990ec-e365-42cf-a574-5b28450879cf
2233,2b591292-d523-4aa7-9df0-a6f359f1dc6e
2240,185112a0-c5b8-438e-9df7-bf181a850364
2250,f7b68545-7ad2-48b9-a72c-df084df5a431
2260,0123698c-285a-41ef-a4f6-97698e51ffcb
2270,dba38a27-a364-4aaa-b89f-b33d1fa09d3b
2271,6d39f049-a9b5-4c90-80f2-c25f78444d2a
2301,baaa9fdc-f05a-42eb-a0b1-740efe0721d0
2303,ae020f7d-516c-4453-b464-cfecfb6286f9
2304,012e50f3-d4aa-4c6c-8614-447602cee417
2307,e6053aec-5ee2-4271-adbb-8b43a8fb1083
2310,32e88222-d6ea-451c-878e-70d8e9a45405
2320,0ae299fa-5f1c-4b61-8802-3422f2cb72a6
2330,9b06a0a4-cf3e-46e8-be8e-f400a73d527e
2340,db776f9e-3b8d-4152-ac52-833dc529147f
2350,3c125839-6f50-42c1-9a98-9bb320f98690
2360,666227ce-5180-48a2-96dd-77a064f07f78
2366,15888759-7eb5-4415-836e-4712aa90b7ad
2370,15a9b6d2-df89-4dcb-bd81-e1569c85a8b7
2404,57bcc2f2-7c04-459d-aaf5-6a87f81c5eab
2406,c53e5593-d44f-46ff-8723-fcdc7c83e803
2410,f5bf30c0-6c3a-4d16-8889-0d56adc10fec
2413,62ab670a-38e1-41e7-b5bb-4725c60d430d
2420,0cef045b-fb9e-4b96-af0b-ed7c3dd639d1
2425,907ed3bc-db45-47ea-bb30-4f67401436b1
2427,06098244-6828-4717-8daf-1ebb42c4db1e
2430,749c77e7-e8c6-4254-9268-b46f2f22fe81
2440,8045fc4d-16ce-410d-8a47-af349bdd2b79
2450,977cdd8b-5c8c-4924-8a9f-d2b016c3de12
2460,656bceae-2862-4b6a-be10-6bb013b6901e
2470,9e28ea8a-7fa0-4b72-a263-c39394338286
2479,0c523066-c6dc-4ce6-9b1a-262b65c2155c
2480,3025fd1c-1e48-4ea4-937f-156a796d69a7
2503,f39f1375-b61c-4488-9498-b01a1589de48
2510,666e549c-e265-4855-b925-9124a4a6428d
2520,6499a501-b022-4b85-8ade-bd5af706b7f4
2530,0dd15c55-c178-4f0c-9b35-addcd70aa1d0
2540,0355c92e-e088-4fcd-9c8f-d2fd1aa53b08
2541,6bda7909-c6bb-47a0-a07e-a7d3bfcd06b5
2550,c3a89506-f3f8-4319-9bb3-f859de31f26c
2557,d34fa197-3ab1-4be2-9133-657d3ab0abd3
2601,fad9eb41-5816-4f2f-8912-0449309c2d4e
2602,479d5b49-9f41-4e62-bc47-f0ab28bb6fdb
2605,c1b0f9f8-a06f-4ad3-878f-b4a0f33b7837
2608,e76bcc90-d217-4e56-997e-bd050cd6a71b
2610,c5e1aa02-998b-4ef6-82da-856ca0a8d101
2611,38f97cbd-ae2c-4fcb-a66d-de026a13c234
2614,30b4bd94-18a2-411d-b94e-303d50e10a7d
2615,91b222ca-86a8-4654-90d2-5db9080b2743
2617,bdd62d68-c75a-444c-9b17-2a5e6c24e1d8
2620,6134bf33-6110-454c-99f4-23f306353438
2630,22ed26fb-371d-494d-8189-56e15e68e39f
2635,0acb94db-b056-477d-8acf-92f3aadaf0a1
2640,91dcc733-3448-4b1b-bb72-66ad27aed65f
2642,b447dbdf-52aa-4e40-8262-5a5b0c71a620
2645,7df0ed6d-a6c4-437a-a99e-3b771908b45c
2660,7e178f59-b901-4ae3-868c-fffb17e17f42
2681,87f090ee-1b0d-470f-8636-b49dc3c8a615
2701,702db673-b519-4777-bdcf-d1a057db2585
2704,9e765504-dd8e-4089-937a-a53caa74a328
2705,d8b59d20-60b3-4d6b-ae96-560a643c6e26
2707,67d645d6-fd18-4a94-86ae-328adf1978ed
2709,3dd7f984-f882-4680-ae0d-a6a6d648ab3e
2710,73301057-4e31-4a89-9b74-39b940e211bf
2713,1435a6c3-e3ab-4f0d-98a8-815c85d18450
2720,dbf70195-3960-4673-85ae-42b141b6575b
2730,dafedd95-62e3-48fd-b6d8-aa4d8ea51c69
2740,08f61ef7-17a0-4718-89f1-66ccf0d110b4
2743,0fcc43c7-347c-4a30-8730-820c4730ace8
2746,09569751-e7d2-4e05-9329-5d38cfb8e45e
2750,5b648874-59ed-4419-9e1f-8d82c4c76c2c
2753,7eb82ea4-ad72-40e9-ae6a-b1f81ec23113
2760,0542fd53-a14a-40e9-889f-d3931f0a0cda
2770,7d552fd0-b872-438b-be40-8b256a162f55
2780,2dd65120-8b77-41ba-8f5a-927e8248f750
2790,4b02cd13-317d-4b82-b0ce-0af7ce7a4185
2791,aaf71fa7-2a24-4c64-aee2-5b542d4c8ee3
2794,5184746d-6e70-41ff-9bd4-f589fda4773f
2795,321d78fe-777e-4dc8-839d-ebb329a0e99e
2810,d476853c-f7e9-49c0-a743-dc38039ff4b2
2820,732a9165-ec7d-4727-a920-9b683120e491
2830,ec07ed1e-3104-460a-b4bd-d9642e8f614a
2904,4611f11c-b34a-4ed4-a307-3f714140f13e
2910,c122707c-a0cd-4bbf-bb6e-47ec6b644a9f
2912,342d6e87-e333-476b-9b69-9040c2cb3a68
2920,0b140434-86b4-497f-b157-d72dccfc9648
2930,3e590d53-dc07-4791-90cf-db21f5e559dd
2940,5597f6be-95b3-4c26-8c50-d924f41437a9
2950,186f943c-409b-4935-8e8b-e5782e1a99f6
2960,9ac67c34-c53f-435d-9015-d1336708909d
3010,44b93550-fc2f-490b-91e9-12d5f79ce4bc
3020,48f3d399-94ab-4379-b8d6-8682d258679c
3030,6ca4fb09-e0ae-4662-a810-78afc86c1fd0
3040,4ae39e71-c5fd-4305-bb1b-a3ad41db9f8c
3050,5e15435b-c981-43b2-b5b7-9766aa65e7b5
3060,c20e48f9-a143-427a-90ab-2b18afe0df9a
3101,31fef5a4-574c-45e3-b82c-c4e689852400
3102,6138a9bf-907a-47ec-8b30-b050455e7859
3103,8036c7ec-0805-4d85-a755-9a20179e30d1
3107,02e42c40-cb80-4016-8aa2-3dd0c1a0df13
3108,fa203c5f-ac09-4aa4-ab74-2872c6f50ee1
3109,d574801a-5c97-41f1-b808-927f9bf71ba2
3110,82295d2c-53a0-4146-be2c-f7f04c2d1c4c
3111,9885fc15-b2e9-4e9e-ac6b-9f35830cdbb6
3115,2390d11f-d370-46e9-9858-1c13393f1d98
3120,0e60576a-5fd3-42c8-b3c6-1d3d08ecc9d5
3123,a331cbac-e744-4aae-8be5-019671c80a95
3125,7806e09c-2e04-4467-acf6-5ee04902f06a
3130,56ad3e91-05e8-4730-b7a1-9bc832b26040
3139,c5be67bc-fb81-43c8-bee7-21cb65db92cb
3140,46e441b8-d58c-4bfb-98e4-aba635329737
3142,59e25ff8-b49c-4a3d-bedb-5c36fc5de031
3145,854ccef8-0023-45d7-b3f1-73eb09faf1a2
3150,0cdf0aba-490c-41bc-a669-efdb7a8ea07d
3157,fa845e72-bab7-407b-b059-ae07f5a0c120
3160,a6944812-fa7e-48ec-926f-0c7a42d0badd
3170,fb937550-6e94-454d-8104-b0bf85102305
3180,c088498b-4f5c-4b63-b7a9-645d19d98d8c
3181,2118cfac-83dc-4318-97e0-d684a77b9b6e
3190,dcf0e8e0-67f9-4832-8c9f-0d4c8395f4f3
3191,3a5fc960-a453-4218-b0eb-02f7dc2aa44e
3192,db06c1f1-dc2f-4843-b143-589a24e852f7
3193,70fc67db-9485-42d0-9692-859d23f1eb4c
3194,b8732e4f-603c-4b8b-aab6-85f8c549d06a
3195,5181a32f-df53-4a3c-9a9c-191e557f87da
3208,74ef4717-a3fa-4a13-a8f8-a40d091b1b66
3210,90f04e30-0b37-4833-9e14-397938f27c62
3220,91126ac5-9aea-4764-8728-e335f4a0d1ef
3229,f62cf570-cdb0-4836-9398-68ef46766760
3230,f4ad64e3-f8a9-4fca-8f9e-5b778651bc03
3232,f6613b4d-3205-4756-bc71-789dbf37d1bf
3240,d1275132-183f-4af4-acbb-64c83dcbc1c9
3241,d7107052-3934-4146-b94d-815ee6f1d5b8
3245,54458650-5c06-4c4c-ae32-e0e82b518aa4
3250,39df61d8-497b-433e-a963-29834a1b8b57
3260,962a4768-05c0-4f4a-a431-943bbbac152c
3270,7d3ccb31-ed6a-4967-8490-b670d76d751c
3279,37aa712a-8cad-42b6-99c6-c7f820510a9f
3280,1c4fd318-0180-423c-bf6c-73d03302258d
3290,c0431736-e366-46cd-b41b-4965d18e6d97
3291,9f3c3e95-34fa-4bad-9364-659793084027
3292,6280cd70-7382-4507-86bf-1151f6ceedfe
3293,0d362f69-910c-438d-8bd9-8ff4610c55c3
3294,29c6ad84-d60b-4dba-ad69-fe117c76de9d
3295,765c6ba3-dbde-464a-853f-70d62a25b82b
3296,9a1888d8-3e99-4c59-905e-ac731b7c2da9
3297,d5c15172-1bda-4ed8-939e-c6b6e909081c
3298,89f52a4d-a5fa-4624-8a35-3b63c524eb22
3301,fd2661b5-dd00-4287-8d4f-6fc89edc9361
3302,09c64257-c0b4-42b6-b822-1fe92dcf657d
3303,4361eb0e-f2f5-4108-89b6-e7dd4840cdd1
3308,f64dacc8-c600-46d0-b4bf-cbff3adde715
3310,5798c2d9-f955-43ef-87ff-c8cb7e1987c3
3311,07895dc3-2c4c-4377-8856-9902ce776444
3312,c113ffc7-c5d2-43aa-8197-2657ad8ff823
3314,abe4d83a-f125-4dcf-b42e-076f0fdf736c
3317,40e47033-828c-4669-921e-979078938388
3320,007cac1d-ffe7-44b7-942e-cc4b7cdcbd2c
3323,cef1e12c-fa31-4983-9b73-ce4753422983
3329,f307f0bf-c389-4dc9-b4c6-dafd958d0031
3330,ce925fd1-b216-43b3-94e0-d39dab7e749b
3333,d2854f2b-8940-4ed9-9936-fdd7b01ff1ab
3340,06e9ada7-d280-4750-b9da-3786e876c231
3343,123c6112-ba82-4dc1-8dc3-186fe2ab2676
3346,71fcb324-65a9-4801-b603-98253d28a8b1
3350,aede1161-4c4e-4647-9d62-fad352db57e4
3351,bfa97ebc-0905-4051-8681-ab9f74fb0cb0
3360,10b7abc2-9e5d-440f-9e94-6a8a90712eaf
3370,9839f323-e4b5-41e8-9804-3f8a37010c5c
3380,7fffc486-96d7-4910-826b-263a7e21d216
3390,d1786fc1-acd4-454f-a9a6-2cb39d493c2d
3391,dbbc63a5-4e9f-4e8c-9890-8a14fe32b696
3392,10564214-ba22-4bcc-b316-5e12d6591d4b
3393,1db64f2a-2ac1-4634-be34-dbcd5f3238d5
3401,86e982f6-1819-411e-8444-0f1c184eefcd
3405,4c8568a4-1b24-473a-b232-98c12118d131
3410,e14899f2-3e33-43ca-b1f1-38ec3ea23563
3411,7c10e223-b900-4014-bdf3-5afbdecc4544
3414,31a3b628-8655-409d-971b-dd556901bc73
3420,109d1a0c-4ed6-4f75-970d-aeccede7a1e5
3421,01546491-b9f4-4a2d-9c27-24fc0b14d932
3423,02d81924-e46c-41e1-9483-33c5ba181efe
3430,84d131c4-575d-4092-a206-ae3bc48b4892
3440,f2ba3655-8f1f-43f1-a87a-3e796ae97cd0
3442,c9f356c0-4d94-4e30-8076-c1f444512fc1
3445,2b72d1d5-04ba-4894-a41d-4b10b0ebdd3d
3450,4b4625ac-403b-4495-8e6d-c6f7726bfb9b
3460,84651147-e493-44b4-a530-3a5ec3bb31e1
3466,9605c3ff-ba98-4e9c-8a70-9363ba8d8e7a
3470,4ec8f63d-cf3d-482d-9840-2a331e658d90
3503,9e0f890e-2c99-4a47-bce9-922c13a338e0
3504,d7e4f74a-96a2-4c8c-a6ca-0d0a89bf6928
3508,94152b37-d085-483b-b7e4-008a1c3a10cf
3510,76b993fa-f77c-4268-a637-b0ebfbac4729
3512,b059c13a-cbb5-475c-b76b-ff231050dae7
3513,e106bb44-e28a-4f29-b2ae-997e89648f21
3515,c9d7c85d-cf08-456b-9daf-e9338096313f
3520,e9191422-cc77-41ca-9bc4-9b6b0d515be0
3522,1169e6e9-f4b9-48d1-97df-37ca2817c5b5
3523,4aaa9666-64b4-4dd2-92c3-7dd038dadefc
3530,8acd584e-56d3-4aa7-92fd-3291b4ce7c65
3532,b45507fb-edf7-47ca-9732-23cc6f03bbf1
3540,9dd5bd06-419e-4913-8fe1-230b8d72e977
3541,703087ba-6922-49cb-995c-46c66d29c2dd
3545,9060c10d-49f8-486e-849e-ddd008b3b596
3546,c2de1f56-d998-4456-9e3a-3e183d38efc0
3550,783245c2-9d41-4943-b9c5-ae9599107768
3560,8b0a971c-7361-4a0b-9541-496b7be99918
3570,2ffc2391-007e-46d8-903b-72d551fc2a50
3579,8df50497-9866-455b-beb2-9c96df128c77
3580,bb460a74-e49b-45c4-96b8-2a3d934ec538
3590,bb9545ef-929a-47df-a4bf-f2522d15c5db
3591,46ebe4d2-100f-4c41-90e9-03beb88b8456
3592,f204fb0d-1ef9-43b8-a500-13372987d2f9
3593,56370065-2b54-4baa-b05b-b1528eef30c6
3594,6d459c99-f674-4945-ae0c-e3c78203ddce
3595,b457bb80-be40-4e20-88e3-f4d0bdc184fb
3596,e6f6f295-1558-4c61-b8ed-0dcfd4176695
3601,95cb615c-d402-436d-a476-e327238a8dee
3602,1be3b98b-f78d-49c4-966c-fe133e3389b9
3603,e0d88763-3f2d-4c18-862c-95f20c52b756
3610,681d60c8-c831-4b66-b28e-64025a3718e5
3611,774e1c68-cdaf-4f4c-b81e-c14887f531aa
3617,5a3c0426-10d5-4ae4-8db0-8dcff1fba7dd
3620,ce55d526-d5aa-4833-83c9-7a2d76b26ff6
3623,516c5202-4c90-48e3-bdb7-7d0e4745e133
3629,bd87d524-da28-43a8-8c57-17f2bd822705
3630,a4414ea7-fbaa-44f3-81e0-0a41f25a32a0
3640,58304547-1566-4a1c-81b9-a6c919c281dd
3643,e3e6c2c5-b15e-452d-b432-2352b5a1ceae
3646,879cce59-a8c6-4df3-a689-84abe8240ef7
3648,07530216-04c6-478c-80ae-946b4801eb96
3650,a5d7f0a9-97af-4b3c-9839-78cce987c4da
3651,40cad9c6-430e-4bc0-963f-126e45387bc9
3660,923fb300-387f-4328-af80-1ea37ee40916
3670,3da0dfea-8171-4044-b5e4-598990181a8e
3680,b57a1552-2d14-4b32-ae8b-1ffc60d5bd19
3681,40785a24-948f-41e5-b418-7a406ffce870
3691,265c2189-0d08-4b74-97ab-3de68458a9da
3692,372fb6bb-cdd9-4bb1-89e1-9fb138e002a4
3693,bb281d92-fa7b-4070-a3c2-212ec16db166
3694,6aca5a88-e7da-4586-be91-bd5cfc29071d
3701,6837e452-48c0-4206-8f7a-f9fbea09f4a9
3705,bc608621-b447-45d4-bbdc-b08eb45527b7
3710,b6179cdb-45b5-4a79-89e4-b94a7ac9f2e3
3711,ae648b3b-c826-4b6a-b8d5-14366e1159d6
3712,9e1aaffe-89fb-4acc-bf61-fda339fbc5f6
3714,2ea2d840-4e31-4db6-a10f-c00b25c574e4
3720,1f5d76b0-be71-45f2-aa43-da39b9a384cc
3725,4b6298b5-3d39-4b1b-90fe-91f2c706e56c
3730,69a1560c-74ea-4dec-a055-7c9a22c8a097
3740,337bab8a-c601-425a-bcf7-4399086bee8d
3742,ffb2dd0b-09c2-46b8-84bf-4e0273b03969
3745,f91c79dd-73e4-497c-bd5d-dea0f59351b0
3746,147523a2-ccbe-46fb-b2b1-d57d2fa996b4
3750,6066a3e7-bc05-4284-805c-4c191d99eb5a
3760,2c39020e-0d88-496a-9362-2662f3cca6de
3770,3829d3a7-3ebc-4598-a815-a8adb404dc72
3780,6886e0b5-ac5f-4a40-b812-42d3a5073565
3790,c8fe2729-0ac0-4f9a-a2b5-0b68ff25195e
3791,6cf0b0bd-d9a6-453c-8ddf-0912e0ab9b92
3792,0dafd12e-9f41-42e8-a2f9-60d88db62cc2
3793,a6e6615f-8079-491a-8991-34bfd6b68586
3794,93b21ad4-2ad6-4bd8-8954-57eb683591cf
3801,4953aca5-6b75-4a88-96ec-574cee79cd06
3802,40350412-01c7-42c9-a19c-166bec60f83a
3803,5362e3f4-08db-413a-884f-1aa0183c39a8
3808,2cd929d1-63ef-4481-8147-698090a70fa8
3810,779c0d1e-ccb5-4f2d-b9a0-7a5a6a5ef380
3812,9e836138-66e6-4554-b205-960e67669295
3815,2326683b-e7b3-464d-a98d-ec7cc9d0ba55
3820,18e10450-ac76-4adb-a5fe-8b83340897d8
3821,8d592f6c-1a65-40e0-8ce1-e1b59dcbfc70
3822,f2751865-2fc7-4292-b2d8-bbb277efc0e2
3823,181664a9-88f4-4a11-a818-aef48100bd06
3830,fd422d9c-42e2-4c03-9d8e-c3ff8911c7ae
3832,ba61027e-9781-42c1-91d7-dd90a3777c4e
3840,c7fedaad-1be3-497d-b643-12b44934393c
3843,9d9bc410-96e7-4d15-bb37-58fa4710b415
3845,42b2e4b4-5af9-40b4-aa0d-927846af6ab7
3850,24d09c4d-7534-41a9-9e67-dc02a8fa823b
3853,9314dd2b-9f9f-4d67-b5a9-2a87a8379d06
3860,32c32436-a088-4a31-ba69-dce470c75adc
3880,4646edd4-a8f4-4b93-a8d3-b342b2a37b22
3890,9c53cccf-9d6b-400f-9fc7-6f539cab9c1f
3892,c7b53fe2-72ff-430b-b153-f52c9417ee7d
3893,f47ea8b5-bc9b-4031-ab55-240e28f342c7
3901,913be229-5ee8-4b94-bda5-8fdd9993adf6
3903,9dbd8cb3-d01e-4ba5-bed3-3b8300c890e6
3904,0e9bd192-90f3-4ea8-b7d4-4886002b6d24
3908,9849ae70-28b3-49ea-be74-34ef646a6fa7
3910,56916aed-bc62-4377-8e6e-1792b5b7cc24
3911,35086d83-4aaa-4d40-8561-89ed285889f9
3912,d2ab07da-5864-47e7-8c52-4c1bb5789da4
3915,4b7403e6-fb1b-4874-bc57-97669974d9be
3917,e997c3ae-6963-41ba-9a93-4f262a67b6ea
3920,4c175765-c1b2-43c0-aa7c-c51a2e90caa4
3923,c954f736-e024-420d-8652-9a1d0a21d523
3930,d47237c7-22f8-46d1-97a5-8e4231c572d5
3934,054bb71d-ec8a-4946-befc-67ec727523a8
3940,5dff4879-88a2-4921-b1ed-537aa1077631
3942,327ab269-195b-4660-950a-f8c280321dab
3945,0b0592dd-261f-4611-a238-9240f7f47e11
3946,a76b6b9d-a86b-41fd-b9b2-6a93ea9182ef
3950,b79f6f55-4517-45f6-a177-ea53354f5e42
3951,6e7ae14c-9c83-4e9a-bd43-c27fbbeb2ece
3960,13abeccd-f0f6-40cd-aaee-c4646fbb7ccd
3966,e545d0bb-fc9c-4604-b9e3-5efaa972ccee
3970,c66ad41d-3006-40be-8ee0-e266d0bfa6de
3980,636b46e9-a87e-4fe0-8562-56d3617124e8
3981,2ca5784f-27b9-4a74-b12e-406cb91fced8
3989,b3910676-c205-4536-b196-3d81a886a800
3990,22f60b0e-1934-4861-8830-a5a8edac1325
3991,6d180d35-49f2-425d-b208-0aaab7692c3b
3992,c9b36196-94b1-4669-a0c5-ad72118c0684
3993,c942d0be-4e6f-4414-a934-d54ed4dbf6cf
3994,a4b6cc77-bb70-4c8a-a25b-5e4a29a9c4bb
3995,7ffeae60-b4a7-4599-a22c-5ff9798ef513
3996,18060c7b-d4b2-4810-a0af-05f5074abbb5
3997,31ee7761-059d-415d-a679-631027bb0b81
3998,a2570c5f-1886-4e44-86ca-b34607a3c186
3999,84b34d98-a702-46c3-aa04-f92eef754c37
4001,7566fa10-5520-4e7c-9dcf-71ce536d3737
4005,7eeeea8c-fa5c-4cd0-bc29-a8a3d40921a5
4010,51bda1c5-615a-486e-a92b-e00b6e6ae034
4014,eb922a4e-dedd-4601-be70-ab7e73a4f49a
4020,c9e15b65-a6a8-4ac1-a3c3-aee519646dd5
4023,08c7d4e9-1939-4b6d-8d27-1ec68c54ed85
4030,309e45c2-b8f8-40fe-b44c-7e93d1f68549
4040,0074b6f8-a0fe-4788-81f3-23ab2d91336d
4041,a682244a-f2f9-4a29-acd0-bfcd6e02db41
4042,ac0d68ce-2f6b-4762-ae86-2941b06605dd
4045,b9a4e99d-6b39-4f0b-95a3-2e5b608c7c5f
4050,4874d6c6-bfe9-43cf-82fc-28d0536c26b6
4057,af5d8032-ed26-4e25-9ef1-67e8bb352edd
4060,8fecaf39-d7e0-4f90-bb27-fcba864ef75e
4070,e8700937-a8b1-4f02-b7a5-121508d4322b
4080,c0743061-18c6-48d8-85ec-8bf21c4de95d
4090,b1adb75e-0406-4fa9-a5e8-f46b2ac0b731
4091,c4157ed7-871a-4caa-9008-3fa2023378cf
4092,50d2b2ec-536e-481f-8a70-058bd82d1178
4093,92327ecb-b61c-4897-a466-39c81c509c0a
4094,56957989-80db-406a-b8bd-d3202bc90c88
4095,e4616eb1-e34e-43ad-96f3-90097418815e
4096,a834a4dd-e523-4560-80bd-2345c0a87a5b
4102,20f0e471-0c2e-44d4-8c5d-14011c76117b
4110,3793a75e-bebd-4e9a-b39d-591a57a057de
4111,b5a64ffd-4933-41cf-a5f3-44faf51f4aa5
4115,d81fa802-69a0-4c76-9600-7155c5d6c263
4120,38c34944-ec66-4f72-aefb-c943821453a9
4123,eefb5c17-6712-4928-9b7f-47d5098a874c
4129,d30235db-e40f-4383-8838-eba54e61c531
4130,f022b485-97e2-40bf-ae1c-398ebf218a18
4140,9e4a0811-2777-4bfd-abe9-5fdba0e782a1
4143,62b2454a-d361-4638-9502-86f6ad5dcc14
4145,3c00801f-5495-4e9e-9bb4-cbe59b7593d9
4146,3ffb507d-7b3e-4ea8-9555-6b23e1ededef
4150,e894b1b5-7af0-4d07-bbf9-1111e23757c7
4160,8f11c2b7-409f-49a8-addf-f3c28cb20edb
4180,629142e7-c681-490a-af94-58469e276542
4190,0a636f7b-dd74-4593-bc67-7545bb54f83c
4191,95b744fb-a023-4118-8626-e2f91d19c84e
4192,1f4a62bc-eb9e-4deb-9d7c-1ef7295babef
4193,6329c255-8b0e-4c0e-b90f-3734584321c4
4194,4da3079e-1131-4afb-805d-587b54d3ae34
4201,40b8d041-6c64-4967-a00c-9f5d73db7450
4210,db733f71-1d0a-46e1-a0ed-13a2d06cb6cd
4212,54805783-090d-462a-8e41-31053172bb7e
4220,93f4d33a-2972-4288-aa1f-8fbe25db8e97
4290,86a2f949-5571-430b-8695-4d8fcabba695
4308,5356be34-9e52-416e-ac45-a9b749d15e47
4310,cc9585e6-99ef-45b4-8cf1-06b4e3f8a5ec
4313,69f06fe3-e174-4dd1-8009-2a1a14db8fc1
4315,647cefa8-68e1-40e7-b022-ee6cbcdc8299
4320,c77a8244-742c-4ce7-acf6-64906b06e13d
4330,f7a8b99c-f1d0-4d10-8450-cece88a1aa50
4332,b8444f1f-0c64-43cb-af2a-8b9b7dee6d55
4340,bdb7104e-ed4b-4570-bd50-ae460e3d0d2f
4346,c9d88c69-191e-4ce0-9989-597e08141c44
4350,76b3cdb8-8071-4f2f-8060-516a1233ae99
4353,25cb8a27-6787-4db3-906a-e12edb8cd25b
4394,7141aeaf-1b58-42e2-980c-01e9f4559a58
4401,f8759aae-a7ee-46bf-a744-c7c23e856f42
4423,bd359228-e77e-48d8-8a06-173d0ed97f17
4425,ca0dd56c-8be8-4dd5-8cbc-f179d821d9c6
4440,b28dff67-1960-4aaf-abbc-c470a9028ecb
4445,7885efc0-9090-4119-b23f-9930496f5d79
4446,a64b63c0-0551-437c-8dc1-a81feda202a9
4457,503727c4-65c1-4624-a0cc-cb436266f118
4504,0463e3d0-47f7-4d38-a9ab-9e08e5e1a9db
4510,18186055-2086-48c2-891e-d8ed8fe897bb
4520,a474a551-d587-4f9d-8703-22143ef100bd
4523,78bd2c16-1ad9-45d2-ba44-5cb1d216044c
4530,f524cab8-e676-4fe2-8f60-579a1f5d2578
4545,318beba8-20cf-4a55-9b61-aa48bb50c6be
4546,7a6673a4-4db6-401b-b40e-d8ca92cd1414
4601,5d97b10c-fd5b-4811-b3f9-f56bcdb5de5d
4615,7110f604-0fb0-45a0-ab3b-239d6f7d25ca
4617,61200cfd-b086-4218-9e50-5fcaa7613d6c
4620,74cb8a6c-360c-47ce-b30b-52e4f9672ab1
4681,1a1d56da-cc5a-4375-be58-bc2644f689b9
4694,5f6506e0-2df1-4753-b3fb-8e4c57279e9f
