date,isOpen
2015/1/1,0
2015/1/2,0
2015/1/3,0
2015/1/4,0
2015/1/5,1
2015/1/6,1
2015/1/7,1
2015/1/8,1
2015/1/9,1
2015/1/10,0
2015/1/11,0
2015/1/12,1
2015/1/13,1
2015/1/14,1
2015/1/15,1
2015/1/16,1
2015/1/17,0
2015/1/18,0
2015/1/19,1
2015/1/20,1
2015/1/21,1
2015/1/22,1
2015/1/23,1
2015/1/24,0
2015/1/25,0
2015/1/26,1
2015/1/27,1
2015/1/28,1
2015/1/29,1
2015/1/30,1
2015/1/31,0
2015/2/1,0
2015/2/2,1
2015/2/3,1
2015/2/4,1
2015/2/5,1
2015/2/6,1
2015/2/7,0
2015/2/8,0
2015/2/9,1
2015/2/10,1
2015/2/11,1
2015/2/12,1
2015/2/13,1
2015/2/14,0
2015/2/15,0
2015/2/16,1
2015/2/17,1
2015/2/18,0
2015/2/19,0
2015/2/20,0
2015/2/21,0
2015/2/22,0
2015/2/23,0
2015/2/24,0
2015/2/25,1
2015/2/26,1
2015/2/27,1
2015/2/28,0
2015/3/1,0
2015/3/2,1
2015/3/3,1
2015/3/4,1
2015/3/5,1
2015/3/6,1
2015/3/7,0
2015/3/8,0
2015/3/9,1
2015/3/10,1
2015/3/11,1
2015/3/12,1
2015/3/13,1
2015/3/14,0
2015/3/15,0
2015/3/16,1
2015/3/17,1
2015/3/18,1
2015/3/19,1
2015/3/20,1
2015/3/21,0
2015/3/22,0
2015/3/23,1
2015/3/24,1
2015/3/25,1
2015/3/26,1
2015/3/27,1
2015/3/28,0
2015/3/29,0
2015/3/30,1
2015/3/31,1
2015/4/1,1
2015/4/2,1
2015/4/3,1
2015/4/4,0
2015/4/5,0
2015/4/6,0
2015/4/7,1
2015/4/8,1
2015/4/9,1
2015/4/10,1
2015/4/11,0
2015/4/12,0
2015/4/13,1
2015/4/14,1
2015/4/15,1
2015/4/16,1
2015/4/17,1
2015/4/18,0
2015/4/19,0
2015/4/20,1
2015/4/21,1
2015/4/22,1
2015/4/23,1
2015/4/24,1
2015/4/25,0
2015/4/26,0
2015/4/27,1
2015/4/28,1
2015/4/29,1
2015/4/30,1
2015/5/1,0
2015/5/2,0
2015/5/3,0
2015/5/4,1
2015/5/5,1
2015/5/6,1
2015/5/7,1
2015/5/8,1
2015/5/9,0
2015/5/10,0
2015/5/11,1
2015/5/12,1
2015/5/13,1
2015/5/14,1
2015/5/15,1
2015/5/16,0
2015/5/17,0
2015/5/18,1
2015/5/19,1
2015/5/20,1
2015/5/21,1
2015/5/22,1
2015/5/23,0
2015/5/24,0
2015/5/25,1
2015/5/26,1
2015/5/27,1
2015/5/28,1
2015/5/29,1
2015/5/30,0
2015/5/31,0
2015/6/1,1
2015/6/2,1
2015/6/3,1
2015/6/4,1
2015/6/5,1
2015/6/6,0
2015/6/7,0
2015/6/8,1
2015/6/9,1
2015/6/10,1
2015/6/11,1
2015/6/12,1
2015/6/13,0
2015/6/14,0
2015/6/15,1
2015/6/16,1
2015/6/17,1
2015/6/18,1
2015/6/19,1
2015/6/20,0
2015/6/21,0
2015/6/22,0
2015/6/23,1
2015/6/24,1
2015/6/25,1
2015/6/26,1
2015/6/27,0
2015/6/28,0
2015/6/29,1
2015/6/30,1
2015/7/1,1
2015/7/2,1
2015/7/3,1
2015/7/4,0
2015/7/5,0
2015/7/6,1
2015/7/7,1
2015/7/8,1
2015/7/9,1
2015/7/10,1
2015/7/11,0
2015/7/12,0
2015/7/13,1
2015/7/14,1
2015/7/15,1
2015/7/16,1
2015/7/17,1
2015/7/18,0
2015/7/19,0
2015/7/20,1
2015/7/21,1
2015/7/22,1
2015/7/23,1
2015/7/24,1
2015/7/25,0
2015/7/26,0
2015/7/27,1
2015/7/28,1
2015/7/29,1
2015/7/30,1
2015/7/31,1
2015/8/1,0
2015/8/2,0
2015/8/3,1
2015/8/4,1
2015/8/5,1
2015/8/6,1
2015/8/7,1
2015/8/8,0
2015/8/9,0
2015/8/10,1
2015/8/11,1
2015/8/12,1
2015/8/13,1
2015/8/14,1
2015/8/15,0
2015/8/16,0
2015/8/17,1
2015/8/18,1
2015/8/19,1
2015/8/20,1
2015/8/21,1
2015/8/22,0
2015/8/23,0
2015/8/24,1
2015/8/25,1
2015/8/26,1
2015/8/27,1
2015/8/28,1
2015/8/29,0
2015/8/30,0
2015/8/31,1
2015/9/1,1
2015/9/2,1
2015/9/3,1
2015/9/4,1
2015/9/5,0
2015/9/6,0
2015/9/7,1
2015/9/8,1
2015/9/9,1
2015/9/10,1
2015/9/11,1
2015/9/12,0
2015/9/13,0
2015/9/14,1
2015/9/15,1
2015/9/16,1
2015/9/17,1
2015/9/18,1
2015/9/19,0
2015/9/20,0
2015/9/21,1
2015/9/22,1
2015/9/23,1
2015/9/24,1
2015/9/25,1
2015/9/26,0
2015/9/27,0
2015/9/28,1
2015/9/29,1
2015/9/30,1
2015/10/1,0
2015/10/2,0
2015/10/3,0
2015/10/4,0
2015/10/5,0
2015/10/6,0
2015/10/7,0
2015/10/8,1
2015/10/9,1
2015/10/10,0
2015/10/11,0
2015/10/12,1
2015/10/13,1
2015/10/14,1
2015/10/15,1
2015/10/16,1
2015/10/17,0
2015/10/18,0
2015/10/19,1
2015/10/20,1
2015/10/21,1
2015/10/22,1
2015/10/23,1
2015/10/24,0
2015/10/25,0
2015/10/26,1
2015/10/27,1
2015/10/28,1
2015/10/29,1
2015/10/30,1
2015/10/31,0
2015/11/1,0
2015/11/2,1
2015/11/3,1
2015/11/4,1
2015/11/5,1
2015/11/6,1
2015/11/7,0
2015/11/8,0
2015/11/9,1
2015/11/10,1
2015/11/11,1
2015/11/12,1
2015/11/13,1
2015/11/14,0
2015/11/15,0
2015/11/16,1
2015/11/17,1
2015/11/18,1
2015/11/19,1
2015/11/20,1
2015/11/21,0
2015/11/22,0
2015/11/23,1
2015/11/24,1
2015/11/25,1
2015/11/26,1
2015/11/27,1
2015/11/28,0
2015/11/29,0
2015/11/30,1
2015/12/1,1
2015/12/2,1
2015/12/3,1
2015/12/4,1
2015/12/5,0
2015/12/6,0
2015/12/7,1
2015/12/8,1
2015/12/9,1
2015/12/10,1
2015/12/11,1
2015/12/12,0
2015/12/13,0
2015/12/14,1
2015/12/15,1
2015/12/16,1
2015/12/17,1
2015/12/18,1
2015/12/19,0
2015/12/20,0
2015/12/21,1
2015/12/22,1
2015/12/23,1
2015/12/24,1
2015/12/25,1
2015/12/26,0
2015/12/27,0
2015/12/28,1
2015/12/29,1
2015/12/30,1
2015/12/31,1
2016/1/1,0
2016/1/2,0
2016/1/3,0
2016/1/4,1
2016/1/5,1
2016/1/6,1
2016/1/7,1
2016/1/8,1
2016/1/9,0
2016/1/10,0
2016/1/11,1
2016/1/12,1
2016/1/13,1
2016/1/14,1
2016/1/15,1
2016/1/16,0
2016/1/17,0
2016/1/18,1
2016/1/19,1
2016/1/20,1
2016/1/21,1
2016/1/22,1
2016/1/23,0
2016/1/24,0
2016/1/25,1
2016/1/26,1
2016/1/27,1
2016/1/28,1
2016/1/29,1
2016/1/30,0
2016/1/31,0
2016/2/1,1
2016/2/2,1
2016/2/3,1
2016/2/4,1
2016/2/5,1
2016/2/6,0
2016/2/7,0
2016/2/8,0
2016/2/9,0
2016/2/10,0
2016/2/11,0
2016/2/12,0
2016/2/13,0
2016/2/14,0
2016/2/15,1
2016/2/16,1
2016/2/17,1
2016/2/18,1
2016/2/19,1
2016/2/20,0
2016/2/21,0
2016/2/22,1
2016/2/23,1
2016/2/24,1
2016/2/25,1
2016/2/26,1
2016/2/27,0
2016/2/28,0
2016/2/29,1
2016/3/1,1
2016/3/2,1
2016/3/3,1
2016/3/4,1
2016/3/5,0
2016/3/6,0
2016/3/7,1
2016/3/8,1
2016/3/9,1
2016/3/10,1
2016/3/11,1
2016/3/12,0
2016/3/13,0
2016/3/14,1
2016/3/15,1
2016/3/16,1
2016/3/17,1
2016/3/18,1
2016/3/19,0
2016/3/20,0
2016/3/21,1
2016/3/22,1
2016/3/23,1
2016/3/24,1
2016/3/25,1
2016/3/26,0
2016/3/27,0
2016/3/28,1
2016/3/29,1
2016/3/30,1
2016/3/31,1
2016/4/1,1
2016/4/2,0
2016/4/3,0
2016/4/4,0
2016/4/5,1
2016/4/6,1
2016/4/7,1
2016/4/8,1
2016/4/9,0
2016/4/10,0
2016/4/11,1
2016/4/12,1
2016/4/13,1
2016/4/14,1
2016/4/15,1
2016/4/16,0
2016/4/17,0
2016/4/18,1
2016/4/19,1
2016/4/20,1
2016/4/21,1
2016/4/22,1
2016/4/23,0
2016/4/24,0
2016/4/25,1
2016/4/26,1
2016/4/27,1
2016/4/28,1
2016/4/29,1
2016/4/30,0
2016/5/1,0
2016/5/2,0
2016/5/3,1
2016/5/4,1
2016/5/5,1
2016/5/6,1
2016/5/7,0
2016/5/8,0
2016/5/9,1
2016/5/10,1
2016/5/11,1
2016/5/12,1
2016/5/13,1
2016/5/14,0
2016/5/15,0
2016/5/16,1
2016/5/17,1
2016/5/18,1
2016/5/19,1
2016/5/20,1
2016/5/21,0
2016/5/22,0
2016/5/23,1
2016/5/24,1
2016/5/25,1
2016/5/26,1
2016/5/27,1
2016/5/28,0
2016/5/29,0
2016/5/30,1
2016/5/31,1
2016/6/1,1
2016/6/2,1
2016/6/3,1
2016/6/4,0
2016/6/5,0
2016/6/6,1
2016/6/7,1
2016/6/8,1
2016/6/9,0
2016/6/10,0
2016/6/11,0
2016/6/12,0
2016/6/13,1
2016/6/14,1
2016/6/15,1
2016/6/16,1
2016/6/17,1
2016/6/18,0
2016/6/19,0
2016/6/20,1
2016/6/21,1
2016/6/22,1
2016/6/23,1
2016/6/24,1
2016/6/25,0
2016/6/26,0
2016/6/27,1
2016/6/28,1
2016/6/29,1
2016/6/30,1
2016/7/1,1
2016/7/2,0
2016/7/3,0
2016/7/4,1
2016/7/5,1
2016/7/6,1
2016/7/7,1
2016/7/8,1
2016/7/9,0
2016/7/10,0
2016/7/11,1
2016/7/12,1
2016/7/13,1
2016/7/14,1
2016/7/15,1
2016/7/16,0
2016/7/17,0
2016/7/18,1
2016/7/19,1
2016/7/20,1
2016/7/21,1
2016/7/22,1
2016/7/23,0
2016/7/24,0
2016/7/25,1
2016/7/26,1
2016/7/27,1
2016/7/28,1
2016/7/29,1
2016/7/30,0
2016/7/31,0
2016/8/1,1
2016/8/2,1
2016/8/3,1
2016/8/4,1
2016/8/5,1
2016/8/6,0
2016/8/7,0
2016/8/8,1
2016/8/9,1
2016/8/10,1
2016/8/11,1
2016/8/12,1
2016/8/13,0
2016/8/14,0
2016/8/15,1
2016/8/16,1
2016/8/17,1
2016/8/18,1
2016/8/19,1
2016/8/20,0
2016/8/21,0
2016/8/22,1
2016/8/23,1
2016/8/24,1
2016/8/25,1
2016/8/26,1
2016/8/27,0
2016/8/28,0
2016/8/29,1
2016/8/30,1
2016/8/31,1
2016/9/1,1
2016/9/2,1
2016/9/3,0
2016/9/4,0
2016/9/5,1
2016/9/6,1
2016/9/7,1
2016/9/8,1
2016/9/9,1
2016/9/10,0
2016/9/11,0
2016/9/12,1
2016/9/13,1
2016/9/14,1
2016/9/15,0
2016/9/16,0
2016/9/17,0
2016/9/18,0
2016/9/19,1
2016/9/20,1
2016/9/21,1
2016/9/22,1
2016/9/23,1
2016/9/24,0
2016/9/25,0
2016/9/26,1
2016/9/27,1
2016/9/28,1
2016/9/29,1
2016/9/30,1
2016/10/1,0
2016/10/2,0
2016/10/3,0
2016/10/4,0
2016/10/5,0
2016/10/6,0
2016/10/7,0
2016/10/8,0
2016/10/9,0
2016/10/10,1
2016/10/11,1
2016/10/12,1
2016/10/13,1
2016/10/14,1
2016/10/15,0
2016/10/16,0
2016/10/17,1
2016/10/18,1
2016/10/19,1
2016/10/20,1
2016/10/21,1
2016/10/22,0
2016/10/23,0
2016/10/24,1
2016/10/25,1
2016/10/26,1
2016/10/27,1
2016/10/28,1
2016/10/29,0
2016/10/30,0
2016/10/31,1
2016/11/1,1
2016/11/2,1
2016/11/3,1
2016/11/4,1
2016/11/5,0
2016/11/6,0
2016/11/7,1
2016/11/8,1
2016/11/9,1
2016/11/10,1
2016/11/11,1
2016/11/12,0
2016/11/13,0
2016/11/14,1
2016/11/15,1
2016/11/16,1
2016/11/17,1
2016/11/18,1
2016/11/19,0
2016/11/20,0
2016/11/21,1
2016/11/22,1
2016/11/23,1
2016/11/24,1
2016/11/25,1
2016/11/26,0
2016/11/27,0
2016/11/28,1
2016/11/29,1
2016/11/30,1
2016/12/1,1
2016/12/2,1
2016/12/3,0
2016/12/4,0
2016/12/5,1
2016/12/6,1
2016/12/7,1
2016/12/8,1
2016/12/9,1
2016/12/10,0
2016/12/11,0
2016/12/12,1
2016/12/13,1
2016/12/14,1
2016/12/15,1
2016/12/16,1
2016/12/17,0
2016/12/18,0
2016/12/19,1
2016/12/20,1
2016/12/21,1
2016/12/22,1
2016/12/23,1
2016/12/24,0
2016/12/25,0
2016/12/26,1
2016/12/27,1
2016/12/28,1
2016/12/29,1
2016/12/30,1
2016/12/31,0
2017/1/1,0
2017/1/2,0
2017/1/3,1
2017/1/4,1
2017/1/5,1
2017/1/6,1
2017/1/7,0
2017/1/8,0
2017/1/9,1
2017/1/10,1
2017/1/11,1
2017/1/12,1
2017/1/13,1
2017/1/14,0
2017/1/15,0
2017/1/16,1
2017/1/17,1
2017/1/18,1
2017/1/19,1
2017/1/20,1
2017/1/21,0
2017/1/22,0
2017/1/23,1
2017/1/24,1
2017/1/25,1
2017/1/26,1
2017/1/27,0
2017/1/28,0
2017/1/29,0
2017/1/30,0
2017/1/31,0
2017/2/1,0
2017/2/2,0
2017/2/3,1
2017/2/4,0
2017/2/5,0
2017/2/6,1
2017/2/7,1
2017/2/8,1
2017/2/9,1
2017/2/10,1
2017/2/11,0
2017/2/12,0
2017/2/13,1
2017/2/14,1
2017/2/15,1
2017/2/16,1
2017/2/17,1
2017/2/18,0
2017/2/19,0
2017/2/20,1
2017/2/21,1
2017/2/22,1
2017/2/23,1
2017/2/24,1
2017/2/25,0
2017/2/26,0
2017/2/27,1
2017/2/28,1
2017/3/1,1
2017/3/2,1
2017/3/3,1
2017/3/4,0
2017/3/5,0
2017/3/6,1
2017/3/7,1
2017/3/8,1
2017/3/9,1
2017/3/10,1
2017/3/11,0
2017/3/12,0
2017/3/13,1
2017/3/14,1
2017/3/15,1
2017/3/16,1
2017/3/17,1
2017/3/18,0
2017/3/19,0
2017/3/20,1
2017/3/21,1
2017/3/22,1
2017/3/23,1
2017/3/24,1
2017/3/25,0
2017/3/26,0
2017/3/27,1
2017/3/28,1
2017/3/29,1
2017/3/30,1
2017/3/31,1
2017/4/1,0
2017/4/2,0
2017/4/3,0
2017/4/4,0
2017/4/5,1
2017/4/6,1
2017/4/7,1
2017/4/8,0
2017/4/9,0
2017/4/10,1
2017/4/11,1
2017/4/12,1
2017/4/13,1
2017/4/14,1
2017/4/15,0
2017/4/16,0
2017/4/17,1
2017/4/18,1
2017/4/19,1
2017/4/20,1
2017/4/21,1
2017/4/22,0
2017/4/23,0
2017/4/24,1
2017/4/25,1
2017/4/26,1
2017/4/27,1
2017/4/28,1
2017/4/29,0
2017/4/30,0
2017/5/1,0
2017/5/2,1
2017/5/3,1
2017/5/4,1
2017/5/5,1
2017/5/6,0
2017/5/7,0
2017/5/8,1
2017/5/9,1
2017/5/10,1
2017/5/11,1
2017/5/12,1
2017/5/13,0
2017/5/14,0
2017/5/15,1
2017/5/16,1
2017/5/17,1
2017/5/18,1
2017/5/19,1
2017/5/20,0
2017/5/21,0
2017/5/22,1
2017/5/23,1
2017/5/24,1
2017/5/25,1
2017/5/26,1
2017/5/27,0
2017/5/28,0
2017/5/29,0
2017/5/30,0
2017/5/31,1
2017/6/1,1
2017/6/2,1
2017/6/3,0
2017/6/4,0
2017/6/5,1
2017/6/6,1
2017/6/7,1
2017/6/8,1
2017/6/9,1
2017/6/10,0
2017/6/11,0
2017/6/12,1
2017/6/13,1
2017/6/14,1
2017/6/15,1
2017/6/16,1
2017/6/17,0
2017/6/18,0
2017/6/19,1
2017/6/20,1
2017/6/21,1
2017/6/22,1
2017/6/23,1
2017/6/24,0
2017/6/25,0
2017/6/26,1
2017/6/27,1
2017/6/28,1
2017/6/29,1
2017/6/30,1
2017/7/1,0
2017/7/2,0
2017/7/3,1
2017/7/4,1
2017/7/5,1
2017/7/6,1
2017/7/7,1
2017/7/8,0
2017/7/9,0
2017/7/10,1
2017/7/11,1
2017/7/12,1
2017/7/13,1
2017/7/14,1
2017/7/15,0
2017/7/16,0
2017/7/17,1
2017/7/18,1
2017/7/19,1
2017/7/20,1
2017/7/21,1
2017/7/22,0
2017/7/23,0
2017/7/24,1
2017/7/25,1
2017/7/26,1
2017/7/27,1
2017/7/28,1
2017/7/29,0
2017/7/30,0
2017/7/31,1
2017/8/1,1
2017/8/2,1
2017/8/3,1
2017/8/4,1
2017/8/5,0
2017/8/6,0
2017/8/7,1
2017/8/8,1
2017/8/9,1
2017/8/10,1
2017/8/11,1
2017/8/12,0
2017/8/13,0
2017/8/14,1
2017/8/15,1
2017/8/16,1
2017/8/17,1
2017/8/18,1
2017/8/19,0
2017/8/20,0
2017/8/21,1
2017/8/22,1
2017/8/23,1
2017/8/24,1
2017/8/25,1
2017/8/26,0
2017/8/27,0
2017/8/28,1
2017/8/29,1
2017/8/30,1
2017/8/31,1
2017/9/1,1
2017/9/2,0
2017/9/3,0
2017/9/4,1
2017/9/5,1
2017/9/6,1
2017/9/7,1
2017/9/8,1
2017/9/9,0
2017/9/10,0
2017/9/11,1
2017/9/12,1
2017/9/13,1
2017/9/14,1
2017/9/15,1
2017/9/16,0
2017/9/17,0
2017/9/18,1
2017/9/19,1
2017/9/20,1
2017/9/21,1
2017/9/22,1
2017/9/23,0
2017/9/24,0
2017/9/25,1
2017/9/26,1
2017/9/27,1
2017/9/28,1
2017/9/29,1
2017/9/30,0
2017/10/1,0
2017/10/2,0
2017/10/3,0
2017/10/4,0
2017/10/5,0
2017/10/6,0
2017/10/7,0
2017/10/8,0
2017/10/9,1
2017/10/10,1
2017/10/11,1
2017/10/12,1
2017/10/13,1
2017/10/14,0
2017/10/15,0
2017/10/16,1
2017/10/17,1
2017/10/18,1
2017/10/19,1
2017/10/20,1
2017/10/21,0
2017/10/22,0
2017/10/23,1
2017/10/24,1
2017/10/25,1
2017/10/26,1
2017/10/27,1
2017/10/28,0
2017/10/29,0
2017/10/30,1
2017/10/31,1
2017/11/1,1
2017/11/2,1
2017/11/3,1
2017/11/4,0
2017/11/5,0
2017/11/6,1
2017/11/7,1
2017/11/8,1
2017/11/9,1
2017/11/10,1
2017/11/11,0
2017/11/12,0
2017/11/13,1
2017/11/14,1
2017/11/15,1
2017/11/16,1
2017/11/17,1
2017/11/18,0
2017/11/19,0
2017/11/20,1
2017/11/21,1
2017/11/22,1
2017/11/23,1
2017/11/24,1
2017/11/25,0
2017/11/26,0
2017/11/27,1
2017/11/28,1
2017/11/29,1
2017/11/30,1
2017/12/1,1
2017/12/2,0
2017/12/3,0
2017/12/4,1
2017/12/5,1
2017/12/6,1
2017/12/7,1
2017/12/8,1
2017/12/9,0
2017/12/10,0
2017/12/11,1
2017/12/12,1
2017/12/13,1
2017/12/14,1
2017/12/15,1
2017/12/16,0
2017/12/17,0
2017/12/18,1
2017/12/19,1
2017/12/20,1
2017/12/21,1
2017/12/22,1
2017/12/23,0
2017/12/24,0
2017/12/25,1
2017/12/26,1
2017/12/27,1
2017/12/28,1
2017/12/29,1
2017/12/30,0
2017/12/31,0
2018/1/1,0
2018/1/2,1
2018/1/3,1
2018/1/4,1
2018/1/5,1
2018/1/6,0
2018/1/7,0
2018/1/8,1
2018/1/9,1
2018/1/10,1
2018/1/11,1
2018/1/12,1
2018/1/13,0
2018/1/14,0
2018/1/15,1
2018/1/16,1
2018/1/17,1
2018/1/18,1
2018/1/19,1
2018/1/20,0
2018/1/21,0
2018/1/22,1
2018/1/23,1
2018/1/24,1
2018/1/25,1
2018/1/26,1
2018/1/27,0
2018/1/28,0
2018/1/29,1
2018/1/30,1
2018/1/31,1
2018/2/1,1
2018/2/2,1
2018/2/3,0
2018/2/4,0
2018/2/5,1
2018/2/6,1
2018/2/7,1
2018/2/8,1
2018/2/9,1
2018/2/10,0
2018/2/11,0
2018/2/12,1
2018/2/13,1
2018/2/14,1
2018/2/15,0
2018/2/16,0
2018/2/17,0
2018/2/18,0
2018/2/19,0
2018/2/20,0
2018/2/21,0
2018/2/22,1
2018/2/23,1
2018/2/24,0
2018/2/25,0
2018/2/26,1
2018/2/27,1
2018/2/28,1
2018/3/1,1
2018/3/2,1
2018/3/3,0
2018/3/4,0
2018/3/5,1
2018/3/6,1
2018/3/7,1
2018/3/8,1
2018/3/9,1
2018/3/10,0
2018/3/11,0
2018/3/12,1
2018/3/13,1
2018/3/14,1
2018/3/15,1
2018/3/16,1
2018/3/17,0
2018/3/18,0
2018/3/19,1
2018/3/20,1
2018/3/21,1
2018/3/22,1
2018/3/23,1
2018/3/24,0
2018/3/25,0
2018/3/26,1
2018/3/27,1
2018/3/28,1
2018/3/29,1
2018/3/30,1
2018/3/31,0
2018/4/1,0
2018/4/2,1
2018/4/3,1
2018/4/4,1
2018/4/5,0
2018/4/6,0
2018/4/7,0
2018/4/8,0
2018/4/9,1
2018/4/10,1
2018/4/11,1
2018/4/12,1
2018/4/13,1
2018/4/14,0
2018/4/15,0
2018/4/16,1
2018/4/17,1
2018/4/18,1
2018/4/19,1
2018/4/20,1
2018/4/21,0
2018/4/22,0
2018/4/23,1
2018/4/24,1
2018/4/25,1
2018/4/26,1
2018/4/27,1
2018/4/28,0
2018/4/29,0
2018/4/30,0
2018/5/1,0
2018/5/2,1
2018/5/3,1
2018/5/4,1
2018/5/5,0
2018/5/6,0
2018/5/7,1
2018/5/8,1
2018/5/9,1
2018/5/10,1
2018/5/11,1
2018/5/12,0
2018/5/13,0
2018/5/14,1
2018/5/15,1
2018/5/16,1
2018/5/17,1
2018/5/18,1
2018/5/19,0
2018/5/20,0
2018/5/21,1
2018/5/22,1
2018/5/23,1
2018/5/24,1
2018/5/25,1
2018/5/26,0
2018/5/27,0
2018/5/28,1
2018/5/29,1
2018/5/30,1
2018/5/31,1
2018/6/1,1
2018/6/2,0
2018/6/3,0
2018/6/4,1
2018/6/5,1
2018/6/6,1
2018/6/7,1
2018/6/8,1
2018/6/9,0
2018/6/10,0
2018/6/11,1
2018/6/12,1
2018/6/13,1
2018/6/14,1
2018/6/15,1
2018/6/16,0
2018/6/17,0
2018/6/18,0
2018/6/19,1
2018/6/20,1
2018/6/21,1
2018/6/22,1
2018/6/23,0
2018/6/24,0
2018/6/25,1
2018/6/26,1
2018/6/27,1
2018/6/28,1
2018/6/29,1
2018/6/30,0
2018/7/1,0
2018/7/2,1
2018/7/3,1
2018/7/4,1
2018/7/5,1
2018/7/6,1
2018/7/7,0
2018/7/8,0
2018/7/9,1
2018/7/10,1
2018/7/11,1
2018/7/12,1
2018/7/13,1
2018/7/14,0
2018/7/15,0
2018/7/16,1
2018/7/17,1
2018/7/18,1
2018/7/19,1
2018/7/20,1
2018/7/21,0
2018/7/22,0
2018/7/23,1
2018/7/24,1
2018/7/25,1
2018/7/26,1
2018/7/27,1
2018/7/28,0
2018/7/29,0
2018/7/30,1
2018/7/31,1
2018/8/1,1
2018/8/2,1
2018/8/3,1
2018/8/4,0
2018/8/5,0
2018/8/6,1
2018/8/7,1
2018/8/8,1
2018/8/9,1
2018/8/10,1
2018/8/11,0
2018/8/12,0
2018/8/13,1
2018/8/14,1
2018/8/15,1
2018/8/16,1
2018/8/17,1
2018/8/18,0
2018/8/19,0
2018/8/20,1
2018/8/21,1
2018/8/22,1
2018/8/23,1
2018/8/24,1
2018/8/25,0
2018/8/26,0
2018/8/27,1
2018/8/28,1
2018/8/29,1
2018/8/30,1
2018/8/31,1
2018/9/1,0
2018/9/2,0
2018/9/3,1
2018/9/4,1
2018/9/5,1
2018/9/6,1
2018/9/7,1
2018/9/8,0
2018/9/9,0
2018/9/10,1
2018/9/11,1
2018/9/12,1
2018/9/13,1
2018/9/14,1
2018/9/15,0
2018/9/16,0
2018/9/17,1
2018/9/18,1
2018/9/19,1
2018/9/20,1
2018/9/21,1
2018/9/22,0
2018/9/23,0
2018/9/24,0
2018/9/25,1
2018/9/26,1
2018/9/27,1
2018/9/28,1
2018/9/29,0
2018/9/30,0
2018/10/1,0
2018/10/2,0
2018/10/3,0
2018/10/4,0
2018/10/5,0
2018/10/6,0
2018/10/7,0
2018/10/8,1
2018/10/9,1
2018/10/10,1
2018/10/11,1
2018/10/12,1
2018/10/13,0
2018/10/14,0
2018/10/15,1
2018/10/16,1
2018/10/17,1
2018/10/18,1
2018/10/19,1
2018/10/20,0
2018/10/21,0
2018/10/22,1
2018/10/23,1
2018/10/24,1
2018/10/25,1
2018/10/26,1
2018/10/27,0
2018/10/28,0
2018/10/29,1
2018/10/30,1
2018/10/31,1
2018/11/1,1
2018/11/2,1
2018/11/3,0
2018/11/4,0
2018/11/5,1
2018/11/6,1
2018/11/7,1
2018/11/8,1
2018/11/9,1
2018/11/10,0
2018/11/11,0
2018/11/12,1
2018/11/13,1
2018/11/14,1
2018/11/15,1
2018/11/16,1
2018/11/17,0
2018/11/18,0
2018/11/19,1
2018/11/20,1
2018/11/21,1
2018/11/22,1
2018/11/23,1
2018/11/24,0
2018/11/25,0
2018/11/26,1
2018/11/27,1
2018/11/28,1
2018/11/29,1
2018/11/30,1
2018/12/1,0
2018/12/2,0
2018/12/3,1
2018/12/4,1
2018/12/5,1
2018/12/6,1
2018/12/7,1
2018/12/8,0
2018/12/9,0
2018/12/10,1
2018/12/11,1
2018/12/12,1
2018/12/13,1
2018/12/14,1
2018/12/15,0
2018/12/16,0
2018/12/17,1
2018/12/18,1
2018/12/19,1
2018/12/20,1
2018/12/21,1
2018/12/22,0
2018/12/23,0
2018/12/24,1
2018/12/25,1
2018/12/26,1
2018/12/27,1
2018/12/28,1
2018/12/29,0
2018/12/30,0
2018/12/31,0
2019/1/1,0
2019/1/2,1
2019/1/3,1
2019/1/4,1
2019/1/5,0
2019/1/6,0
2019/1/7,1
2019/1/8,1
2019/1/9,1
2019/1/10,1
2019/1/11,1
2019/1/12,0
2019/1/13,0
2019/1/14,1
2019/1/15,1
2019/1/16,1
2019/1/17,1
2019/1/18,1
2019/1/19,0
2019/1/20,0
2019/1/21,1
2019/1/22,1
2019/1/23,1
2019/1/24,1
2019/1/25,1
2019/1/26,0
2019/1/27,0
2019/1/28,1
2019/1/29,1
2019/1/30,1
2019/1/31,1
2019/2/1,1
2019/2/2,0
2019/2/3,0
2019/2/4,0
2019/2/5,0
2019/2/6,0
2019/2/7,0
2019/2/8,0
2019/2/9,0
2019/2/10,0
2019/2/11,1
2019/2/12,1
2019/2/13,1
2019/2/14,1
2019/2/15,1
2019/2/16,0
2019/2/17,0
2019/2/18,1
2019/2/19,1
2019/2/20,1
2019/2/21,1
2019/2/22,1
2019/2/23,0
2019/2/24,0
2019/2/25,1
2019/2/26,1
2019/2/27,1
2019/2/28,1
2019/3/1,1
2019/3/2,0
2019/3/3,0
2019/3/4,1
2019/3/5,1
2019/3/6,1
2019/3/7,1
2019/3/8,1
2019/3/9,0
2019/3/10,0
2019/3/11,1
2019/3/12,1
2019/3/13,1
2019/3/14,1
2019/3/15,1
2019/3/16,0
2019/3/17,0
2019/3/18,1
2019/3/19,1
2019/3/20,1
2019/3/21,1
2019/3/22,1
2019/3/23,0
2019/3/24,0
2019/3/25,1
2019/3/26,1
2019/3/27,1
2019/3/28,1
2019/3/29,1
2019/3/30,0
2019/3/31,0
2019/4/1,1
2019/4/2,1
2019/4/3,1
2019/4/4,1
2019/4/5,0
2019/4/6,0
2019/4/7,0
2019/4/8,1
2019/4/9,1
2019/4/10,1
2019/4/11,1
2019/4/12,1
2019/4/13,0
2019/4/14,0
2019/4/15,1
2019/4/16,1
2019/4/17,1
2019/4/18,1
2019/4/19,1
2019/4/20,0
2019/4/21,0
2019/4/22,1
2019/4/23,1
2019/4/24,1
2019/4/25,1
2019/4/26,1
2019/4/27,0
2019/4/28,0
2019/4/29,1
2019/4/30,1
2019/5/1,0
2019/5/2,0
2019/5/3,0
2019/5/4,0
2019/5/5,0
2019/5/6,1
2019/5/7,1
2019/5/8,1
2019/5/9,1
2019/5/10,1
2019/5/11,0
2019/5/12,0
2019/5/13,1
2019/5/14,1
2019/5/15,1
2019/5/16,1
2019/5/17,1
2019/5/18,0
2019/5/19,0
2019/5/20,1
2019/5/21,1
2019/5/22,1
2019/5/23,1
2019/5/24,1
2019/5/25,0
2019/5/26,0
2019/5/27,1
2019/5/28,1
2019/5/29,1
2019/5/30,1
2019/5/31,1
2019/6/1,0
2019/6/2,0
2019/6/3,1
2019/6/4,1
2019/6/5,1
2019/6/6,1
2019/6/7,0
2019/6/8,0
2019/6/9,0
2019/6/10,1
2019/6/11,1
2019/6/12,1
2019/6/13,1
2019/6/14,1
2019/6/15,0
2019/6/16,0
2019/6/17,1
2019/6/18,1
2019/6/19,1
2019/6/20,1
2019/6/21,1
2019/6/22,0
2019/6/23,0
2019/6/24,1
2019/6/25,1
2019/6/26,1
2019/6/27,1
2019/6/28,1
2019/6/29,0
2019/6/30,0
2019/7/1,1
2019/7/2,1
2019/7/3,1
2019/7/4,1
2019/7/5,1
2019/7/6,0
2019/7/7,0
2019/7/8,1
2019/7/9,1
2019/7/10,1
2019/7/11,1
2019/7/12,1
2019/7/13,0
2019/7/14,0
2019/7/15,1
2019/7/16,1
2019/7/17,1
2019/7/18,1
2019/7/19,1
2019/7/20,0
2019/7/21,0
2019/7/22,1
2019/7/23,1
2019/7/24,1
2019/7/25,1
2019/7/26,1
2019/7/27,0
2019/7/28,0
2019/7/29,1
2019/7/30,1
2019/7/31,1
2019/8/1,1
2019/8/2,1
2019/8/3,0
2019/8/4,0
2019/8/5,1
2019/8/6,1
2019/8/7,1
2019/8/8,1
2019/8/9,1
2019/8/10,0
2019/8/11,0
2019/8/12,1
2019/8/13,1
2019/8/14,1
2019/8/15,1
2019/8/16,1
2019/8/17,0
2019/8/18,0
2019/8/19,1
2019/8/20,1
2019/8/21,1
2019/8/22,1
2019/8/23,1
2019/8/24,0
2019/8/25,0
2019/8/26,1
2019/8/27,1
2019/8/28,1
2019/8/29,1
2019/8/30,1
2019/8/31,0
2019/9/1,0
2019/9/2,1
2019/9/3,1
2019/9/4,1
2019/9/5,1
2019/9/6,1
2019/9/7,0
2019/9/8,0
2019/9/9,1
2019/9/10,1
2019/9/11,1
2019/9/12,1
2019/9/13,0
2019/9/14,0
2019/9/15,0
2019/9/16,1
2019/9/17,1
2019/9/18,1
2019/9/19,1
2019/9/20,1
2019/9/21,0
2019/9/22,0
2019/9/23,1
2019/9/24,1
2019/9/25,1
2019/9/26,1
2019/9/27,1
2019/9/28,0
2019/9/29,0
2019/9/30,1
2019/10/1,0
2019/10/2,0
2019/10/3,0
2019/10/4,0
2019/10/5,0
2019/10/6,0
2019/10/7,0
2019/10/8,1
2019/10/9,1
2019/10/10,1
2019/10/11,1
2019/10/12,0
2019/10/13,0
2019/10/14,1
2019/10/15,1
2019/10/16,1
2019/10/17,1
2019/10/18,1
2019/10/19,0
2019/10/20,0
2019/10/21,1
2019/10/22,1
2019/10/23,1
2019/10/24,1
2019/10/25,1
2019/10/26,0
2019/10/27,0
2019/10/28,1
2019/10/29,1
2019/10/30,1
2019/10/31,1
2019/11/1,1
2019/11/2,0
2019/11/3,0
2019/11/4,1
2019/11/5,1
2019/11/6,1
2019/11/7,1
2019/11/8,1
2019/11/9,0
2019/11/10,0
2019/11/11,1
2019/11/12,1
2019/11/13,1
2019/11/14,1
2019/11/15,1
2019/11/16,0
2019/11/17,0
2019/11/18,1
2019/11/19,1
2019/11/20,1
2019/11/21,1
2019/11/22,1
2019/11/23,0
2019/11/24,0
2019/11/25,1
2019/11/26,1
2019/11/27,1
2019/11/28,1
2019/11/29,1
2019/11/30,0
2019/12/1,0
2019/12/2,1
2019/12/3,1
2019/12/4,1
2019/12/5,1
2019/12/6,1
2019/12/7,0
2019/12/8,0
2019/12/9,1
2019/12/10,1
2019/12/11,1
2019/12/12,1
2019/12/13,1
2019/12/14,0
2019/12/15,0
2019/12/16,1
2019/12/17,1
2019/12/18,1
2019/12/19,1
2019/12/20,1
2019/12/21,0
2019/12/22,0
2019/12/23,1
2019/12/24,1
2019/12/25,1
2019/12/26,1
2019/12/27,1
2019/12/28,0
2019/12/29,0
2019/12/30,1
2019/12/31,1
2020/1/1,0
2020/1/2,1
2020/1/3,1
2020/1/4,0
2020/1/5,0
2020/1/6,1
2020/1/7,1
2020/1/8,1
2020/1/9,1
2020/1/10,1
2020/1/11,0
2020/1/12,0
2020/1/13,1
2020/1/14,1
2020/1/15,1
2020/1/16,1
2020/1/17,1
2020/1/18,0
2020/1/19,0
2020/1/20,1
2020/1/21,1
2020/1/22,1
2020/1/23,1
2020/1/24,0
2020/1/25,0
2020/1/26,0
2020/1/27,0
2020/1/28,0
2020/1/29,0
2020/1/30,0
2020/1/31,0
2020/2/1,0
2020/2/2,0
2020/2/3,1
2020/2/4,1
2020/2/5,1
2020/2/6,1
2020/2/7,1
2020/2/8,0
2020/2/9,0
2020/2/10,1
2020/2/11,1
2020/2/12,1
2020/2/13,1
2020/2/14,1
2020/2/15,0
2020/2/16,0
2020/2/17,1
2020/2/18,1
2020/2/19,1
2020/2/20,1
2020/2/21,1
2020/2/22,0
2020/2/23,0
2020/2/24,1
2020/2/25,1
2020/2/26,1
2020/2/27,1
2020/2/28,1
2020/2/29,0
2020/3/1,0
2020/3/2,1
2020/3/3,1
2020/3/4,1
2020/3/5,1
2020/3/6,1
2020/3/7,0
2020/3/8,0
2020/3/9,1
2020/3/10,1
2020/3/11,1
2020/3/12,1
2020/3/13,1
2020/3/14,0
2020/3/15,0
2020/3/16,1
2020/3/17,1
2020/3/18,1
2020/3/19,1
2020/3/20,1
2020/3/21,0
2020/3/22,0
2020/3/23,1
2020/3/24,1
2020/3/25,1
2020/3/26,1
2020/3/27,1
2020/3/28,0
2020/3/29,0
2020/3/30,1
2020/3/31,1
2020/4/1,1
2020/4/2,1
2020/4/3,1
2020/4/4,0
2020/4/5,0
2020/4/6,0
2020/4/7,1
2020/4/8,1
2020/4/9,1
2020/4/10,1
2020/4/11,0
2020/4/12,0
2020/4/13,1
2020/4/14,1
2020/4/15,1
2020/4/16,1
2020/4/17,1
2020/4/18,0
2020/4/19,0
2020/4/20,1
2020/4/21,1
2020/4/22,1
2020/4/23,1
2020/4/24,1
2020/4/25,0
2020/4/26,0
2020/4/27,1
2020/4/28,1
2020/4/29,1
2020/4/30,1
2020/5/1,0
2020/5/2,0
2020/5/3,0
2020/5/4,0
2020/5/5,0
2020/5/6,1
2020/5/7,1
2020/5/8,1
2020/5/9,0
2020/5/10,0
2020/5/11,1
2020/5/12,1
2020/5/13,1
2020/5/14,1
2020/5/15,1
2020/5/16,0
2020/5/17,0
2020/5/18,1
2020/5/19,1
2020/5/20,1
2020/5/21,1
2020/5/22,1
2020/5/23,0
2020/5/24,0
2020/5/25,1
2020/5/26,1
2020/5/27,1
2020/5/28,1
2020/5/29,1
2020/5/30,0
2020/5/31,0
2020/6/1,1
2020/6/2,1
2020/6/3,1
2020/6/4,1
2020/6/5,1
2020/6/6,0
2020/6/7,0
2020/6/8,1
2020/6/9,1
2020/6/10,1
2020/6/11,1
2020/6/12,1
2020/6/13,0
2020/6/14,0
2020/6/15,1
2020/6/16,1
2020/6/17,1
2020/6/18,1
2020/6/19,1
2020/6/20,0
2020/6/21,0
2020/6/22,1
2020/6/23,1
2020/6/24,1
2020/6/25,0
2020/6/26,0
2020/6/27,0
2020/6/28,0
2020/6/29,1
2020/6/30,1
2020/7/1,1
2020/7/2,1
2020/7/3,1
2020/7/4,0
2020/7/5,0
2020/7/6,1
2020/7/7,1
2020/7/8,1
2020/7/9,1
2020/7/10,1
2020/7/11,0
2020/7/12,0
2020/7/13,1
2020/7/14,1
2020/7/15,1
2020/7/16,1
2020/7/17,1
2020/7/18,0
2020/7/19,0
2020/7/20,1
2020/7/21,1
2020/7/22,1
2020/7/23,1
2020/7/24,1
2020/7/25,0
2020/7/26,0
2020/7/27,1
2020/7/28,1
2020/7/29,1
2020/7/30,1
2020/7/31,1
2020/8/1,0
2020/8/2,0
2020/8/3,1
2020/8/4,1
2020/8/5,1
2020/8/6,1
2020/8/7,1
2020/8/8,0
2020/8/9,0
2020/8/10,1
2020/8/11,1
2020/8/12,1
2020/8/13,1
2020/8/14,1
2020/8/15,0
2020/8/16,0
2020/8/17,1
2020/8/18,1
2020/8/19,1
2020/8/20,1
2020/8/21,1
2020/8/22,0
2020/8/23,0
2020/8/24,1
2020/8/25,1
2020/8/26,1
2020/8/27,1
2020/8/28,1
2020/8/29,0
2020/8/30,0
2020/8/31,1
2020/9/1,1
2020/9/2,1
2020/9/3,1
2020/9/4,1
2020/9/5,0
2020/9/6,0
2020/9/7,1
2020/9/8,1
2020/9/9,1
2020/9/10,1
2020/9/11,1
2020/9/12,0
2020/9/13,0
2020/9/14,1
2020/9/15,1
2020/9/16,1
2020/9/17,1
2020/9/18,1
2020/9/19,0
2020/9/20,0
2020/9/21,1
2020/9/22,1
2020/9/23,1
2020/9/24,1
2020/9/25,1
2020/9/26,0
2020/9/27,0
2020/9/28,1
2020/9/29,1
2020/9/30,1
2020/10/1,0
2020/10/2,0
2020/10/3,0
2020/10/4,0
2020/10/5,0
2020/10/6,0
2020/10/7,0
2020/10/8,0
2020/10/9,1
2020/10/10,0
2020/10/11,0
2020/10/12,1
2020/10/13,1
2020/10/14,1
2020/10/15,1
2020/10/16,1
2020/10/17,0
2020/10/18,0
2020/10/19,1
2020/10/20,1
2020/10/21,1
2020/10/22,1
2020/10/23,1
2020/10/24,0
2020/10/25,0
2020/10/26,1
2020/10/27,1
2020/10/28,1
2020/10/29,1
2020/10/30,1
2020/10/31,0
2020/11/1,0
2020/11/2,1
2020/11/3,1
2020/11/4,1
2020/11/5,1
2020/11/6,1
2020/11/7,0
2020/11/8,0
2020/11/9,1
2020/11/10,1
2020/11/11,1
2020/11/12,1
2020/11/13,1
2020/11/14,0
2020/11/15,0
2020/11/16,1
2020/11/17,1
2020/11/18,1
2020/11/19,1
2020/11/20,1
2020/11/21,0
2020/11/22,0
2020/11/23,1
2020/11/24,1
2020/11/25,1
2020/11/26,1
2020/11/27,1
2020/11/28,0
2020/11/29,0
2020/11/30,1
2020/12/1,1
2020/12/2,1
2020/12/3,1
2020/12/4,1
2020/12/5,0
2020/12/6,0
2020/12/7,1
2020/12/8,1
2020/12/9,1
2020/12/10,1
2020/12/11,1
2020/12/12,0
2020/12/13,0
2020/12/14,1
2020/12/15,1
2020/12/16,1
2020/12/17,1
2020/12/18,1
2020/12/19,0
2020/12/20,0
2020/12/21,1
2020/12/22,1
2020/12/23,1
2020/12/24,1
2020/12/25,1
2020/12/26,0
2020/12/27,0
2020/12/28,1
2020/12/29,1
2020/12/30,1
2020/12/31,1
2021/1/1,0
2021/1/2,0
2021/1/3,0
2021/1/4,1
2021/1/5,1
2021/1/6,1
2021/1/7,1
2021/1/8,1
2021/1/9,0
2021/1/10,0
2021/1/11,1
2021/1/12,1
2021/1/13,1
2021/1/14,1
2021/1/15,1
2021/1/16,0
2021/1/17,0
2021/1/18,1
2021/1/19,1
2021/1/20,1
2021/1/21,1
2021/1/22,1
2021/1/23,0
2021/1/24,0
2021/1/25,1
2021/1/26,1
2021/1/27,1
2021/1/28,1
2021/1/29,1
2021/1/30,0
2021/1/31,0
2021/2/1,1
2021/2/2,1
2021/2/3,1
2021/2/4,1
2021/2/5,1
2021/2/6,0
2021/2/7,0
2021/2/8,1
2021/2/9,1
2021/2/10,1
2021/2/11,0
2021/2/12,0
2021/2/13,0
2021/2/14,0
2021/2/15,0
2021/2/16,0
2021/2/17,0
2021/2/18,1
2021/2/19,1
2021/2/20,0
2021/2/21,0
2021/2/22,1
2021/2/23,1
2021/2/24,1
2021/2/25,1
2021/2/26,1
2021/2/27,0
2021/2/28,0
2021/3/1,1
2021/3/2,1
2021/3/3,1
2021/3/4,1
2021/3/5,1
2021/3/6,0
2021/3/7,0
2021/3/8,1
2021/3/9,1
2021/3/10,1
2021/3/11,1
2021/3/12,1
2021/3/13,0
2021/3/14,0
2021/3/15,1
2021/3/16,1
2021/3/17,1
2021/3/18,1
2021/3/19,1
2021/3/20,0
2021/3/21,0
2021/3/22,1
2021/3/23,1
2021/3/24,1
2021/3/25,1
2021/3/26,1
2021/3/27,0
2021/3/28,0
2021/3/29,1
2021/3/30,1
2021/3/31,1
2021/4/1,1
2021/4/2,1
2021/4/3,0
2021/4/4,0
2021/4/5,0
2021/4/6,1
2021/4/7,1
2021/4/8,1
2021/4/9,1
2021/4/10,0
2021/4/11,0
2021/4/12,1
2021/4/13,1
2021/4/14,1
2021/4/15,1
2021/4/16,1
2021/4/17,0
2021/4/18,0
2021/4/19,1
2021/4/20,1
2021/4/21,1
2021/4/22,1
2021/4/23,1
2021/4/24,0
2021/4/25,0
2021/4/26,1
2021/4/27,1
2021/4/28,1
2021/4/29,1
2021/4/30,1
2021/5/1,0
2021/5/2,0
2021/5/3,0
2021/5/4,1
2021/5/5,1
2021/5/6,1
2021/5/7,1
2021/5/8,0
2021/5/9,0
2021/5/10,1
2021/5/11,1
2021/5/12,1
2021/5/13,1
2021/5/14,1
2021/5/15,0
2021/5/16,0
2021/5/17,1
2021/5/18,1
2021/5/19,1
2021/5/20,1
2021/5/21,1
2021/5/22,0
2021/5/23,0
2021/5/24,1
2021/5/25,1
2021/5/26,1
2021/5/27,1
2021/5/28,1
2021/5/29,0
2021/5/30,0
2021/5/31,1
2021/6/1,1
2021/6/2,1
2021/6/3,1
2021/6/4,1
2021/6/5,0
2021/6/6,0
2021/6/7,1
2021/6/8,1
2021/6/9,1
2021/6/10,1
2021/6/11,1
2021/6/12,0
2021/6/13,0
2021/6/14,0
2021/6/15,1
2021/6/16,1
2021/6/17,1
2021/6/18,1
2021/6/19,0
2021/6/20,0
2021/6/21,1
2021/6/22,1
2021/6/23,1
2021/6/24,1
2021/6/25,1
2021/6/26,0
2021/6/27,0
2021/6/28,1
2021/6/29,1
2021/6/30,1
2021/7/1,1
2021/7/2,1
2021/7/3,0
2021/7/4,0
2021/7/5,1
2021/7/6,1
2021/7/7,1
2021/7/8,1
2021/7/9,1
2021/7/10,0
2021/7/11,0
2021/7/12,1
2021/7/13,1
2021/7/14,1
2021/7/15,1
2021/7/16,1
2021/7/17,0
2021/7/18,0
2021/7/19,1
2021/7/20,1
2021/7/21,1
2021/7/22,1
2021/7/23,1
2021/7/24,0
2021/7/25,0
2021/7/26,1
2021/7/27,1
2021/7/28,1
2021/7/29,1
2021/7/30,1
2021/7/31,0
2021/8/1,0
2021/8/2,1
2021/8/3,1
2021/8/4,1
2021/8/5,1
2021/8/6,1
2021/8/7,0
2021/8/8,0
2021/8/9,1
2021/8/10,1
2021/8/11,1
2021/8/12,1
2021/8/13,1
2021/8/14,0
2021/8/15,0
2021/8/16,1
2021/8/17,1
2021/8/18,1
2021/8/19,1
2021/8/20,1
2021/8/21,0
2021/8/22,0
2021/8/23,1
2021/8/24,1
2021/8/25,1
2021/8/26,1
2021/8/27,1
2021/8/28,0
2021/8/29,0
2021/8/30,1
2021/8/31,1
2021/9/1,1
2021/9/2,1
2021/9/3,1
2021/9/4,0
2021/9/5,0
2021/9/6,1
2021/9/7,1
2021/9/8,1
2021/9/9,1
2021/9/10,1
2021/9/11,0
2021/9/12,0
2021/9/13,1
2021/9/14,1
2021/9/15,1
2021/9/16,1
2021/9/17,1
2021/9/18,0
2021/9/19,0
2021/9/20,0
2021/9/21,0
2021/9/22,1
2021/9/23,1
2021/9/24,1
2021/9/25,0
2021/9/26,0
2021/9/27,1
2021/9/28,1
2021/9/29,1
2021/9/30,1
2021/10/1,0
2021/10/2,0
2021/10/3,0
2021/10/4,0
2021/10/5,0
2021/10/6,0
2021/10/7,0
2021/10/8,1
2021/10/9,0
2021/10/10,0
2021/10/11,1
2021/10/12,1
2021/10/13,1
2021/10/14,1
2021/10/15,1
2021/10/16,0
2021/10/17,0
2021/10/18,1
2021/10/19,1
2021/10/20,1
2021/10/21,1
2021/10/22,1
2021/10/23,0
2021/10/24,0
2021/10/25,1
2021/10/26,1
2021/10/27,1
2021/10/28,1
2021/10/29,1
2021/10/30,0
2021/10/31,0
2021/11/1,1
2021/11/2,1
2021/11/3,1
2021/11/4,1
2021/11/5,1
2021/11/6,0
2021/11/7,0
2021/11/8,1
2021/11/9,1
2021/11/10,1
2021/11/11,1
2021/11/12,1
2021/11/13,0
2021/11/14,0
2021/11/15,1
2021/11/16,1
2021/11/17,1
2021/11/18,1
2021/11/19,1
2021/11/20,0
2021/11/21,0
2021/11/22,1
2021/11/23,1
2021/11/24,1
2021/11/25,1
2021/11/26,1
2021/11/27,0
2021/11/28,0
2021/11/29,1
2021/11/30,1
2021/12/1,1
2021/12/2,1
2021/12/3,1
2021/12/4,0
2021/12/5,0
2021/12/6,1
2021/12/7,1
2021/12/8,1
2021/12/9,1
2021/12/10,1
2021/12/11,0
2021/12/12,0
2021/12/13,1
2021/12/14,1
2021/12/15,1
2021/12/16,1
2021/12/17,1
2021/12/18,0
2021/12/19,0
2021/12/20,1
2021/12/21,1
2021/12/22,1
2021/12/23,1
2021/12/24,1
2021/12/25,0
2021/12/26,0
2021/12/27,1
2021/12/28,1
2021/12/29,1
2021/12/30,1
2021/12/31,1
2022/1/1,0
2022/1/2,0
2022/1/3,0
2022/1/4,1
2022/1/5,1
2022/1/6,1
2022/1/7,1
2022/1/8,0
2022/1/9,0
2022/1/10,1
2022/1/11,1
2022/1/12,1
2022/1/13,1
2022/1/14,1
2022/1/15,0
2022/1/16,0
2022/1/17,1
2022/1/18,1
2022/1/19,1
2022/1/20,1
2022/1/21,1
2022/1/22,0
2022/1/23,0
2022/1/24,1
2022/1/25,1
2022/1/26,1
2022/1/27,1
2022/1/28,1
2022/1/29,0
2022/1/30,0
2022/1/31,0
2022/2/1,0
2022/2/2,0
2022/2/3,0
2022/2/4,0
2022/2/5,0
2022/2/6,0
2022/2/7,1
2022/2/8,1
2022/2/9,1
2022/2/10,1
2022/2/11,1
2022/2/12,0
2022/2/13,0
2022/2/14,1
2022/2/15,1
2022/2/16,1
2022/2/17,1
2022/2/18,1
2022/2/19,0
2022/2/20,0
2022/2/21,1
2022/2/22,1
2022/2/23,1
2022/2/24,1
2022/2/25,1
2022/2/26,0
2022/2/27,0
2022/2/28,1
2022/3/1,1
2022/3/2,1
2022/3/3,1
2022/3/4,1
2022/3/5,0
2022/3/6,0
2022/3/7,1
2022/3/8,1
2022/3/9,1
2022/3/10,1
2022/3/11,1
2022/3/12,0
2022/3/13,0
2022/3/14,1
2022/3/15,1
2022/3/16,1
2022/3/17,1
2022/3/18,1
2022/3/19,0
2022/3/20,0
2022/3/21,1
2022/3/22,1
2022/3/23,1
2022/3/24,1
2022/3/25,1
2022/3/26,0
2022/3/27,0
2022/3/28,1
2022/3/29,1
2022/3/30,1
2022/3/31,1
2022/4/1,1
2022/4/2,0
2022/4/3,0
2022/4/4,0
2022/4/5,0
2022/4/6,1
2022/4/7,1
2022/4/8,1
2022/4/9,0
2022/4/10,0
2022/4/11,1
2022/4/12,1
2022/4/13,1
2022/4/14,1
2022/4/15,1
2022/4/16,0
2022/4/17,0
2022/4/18,1
2022/4/19,1
2022/4/20,1
2022/4/21,1
2022/4/22,1
2022/4/23,0
2022/4/24,0
2022/4/25,1
2022/4/26,1
2022/4/27,1
2022/4/28,1
2022/4/29,1
2022/4/30,0
2022/5/1,0
2022/5/2,0
2022/5/3,1
2022/5/4,1
2022/5/5,1
2022/5/6,1
2022/5/7,0
2022/5/8,0
2022/5/9,1
2022/5/10,1
2022/5/11,1
2022/5/12,1
2022/5/13,1
2022/5/14,0
2022/5/15,0
2022/5/16,1
2022/5/17,1
2022/5/18,1
2022/5/19,1
2022/5/20,1
2022/5/21,0
2022/5/22,0
2022/5/23,1
2022/5/24,1
2022/5/25,1
2022/5/26,1
2022/5/27,1
2022/5/28,0
2022/5/29,0
2022/5/30,1
2022/5/31,1
2022/6/1,1
2022/6/2,1
2022/6/3,0
2022/6/4,0
2022/6/5,0
2022/6/6,1
2022/6/7,1
2022/6/8,1
2022/6/9,1
2022/6/10,1
2022/6/11,0
2022/6/12,0
2022/6/13,1
2022/6/14,1
2022/6/15,1
2022/6/16,1
2022/6/17,1
2022/6/18,0
2022/6/19,0
2022/6/20,1
2022/6/21,1
2022/6/22,1
2022/6/23,1
2022/6/24,1
2022/6/25,0
2022/6/26,0
2022/6/27,1
2022/6/28,1
2022/6/29,1
2022/6/30,1
2022/7/1,1
2022/7/2,0
2022/7/3,0
2022/7/4,1
2022/7/5,1
2022/7/6,1
2022/7/7,1
2022/7/8,1
2022/7/9,0
2022/7/10,0
2022/7/11,1
2022/7/12,1
2022/7/13,1
2022/7/14,1
2022/7/15,1
2022/7/16,0
2022/7/17,0
2022/7/18,1
2022/7/19,1
2022/7/20,1
2022/7/21,1
2022/7/22,1
2022/7/23,0
2022/7/24,0
2022/7/25,1
2022/7/26,1
2022/7/27,1
2022/7/28,1
2022/7/29,1
2022/7/30,0
2022/7/31,0
2022/8/1,1
2022/8/2,1
2022/8/3,1
2022/8/4,1
2022/8/5,1
2022/8/6,0
2022/8/7,0
2022/8/8,1
2022/8/9,1
2022/8/10,1
2022/8/11,1
2022/8/12,1
2022/8/13,0
2022/8/14,0
2022/8/15,1
2022/8/16,1
2022/8/17,1
2022/8/18,1
2022/8/19,1
2022/8/20,0
2022/8/21,0
2022/8/22,1
2022/8/23,1
2022/8/24,1
2022/8/25,1
2022/8/26,1
2022/8/27,0
2022/8/28,0
2022/8/29,1
2022/8/30,1
2022/8/31,1
2022/9/1,1
2022/9/2,1
2022/9/3,0
2022/9/4,0
2022/9/5,1
2022/9/6,1
2022/9/7,1
2022/9/8,1
2022/9/9,1
2022/9/10,0
2022/9/11,0
2022/9/12,0
2022/9/13,1
2022/9/14,1
2022/9/15,1
2022/9/16,1
2022/9/17,0
2022/9/18,0
2022/9/19,1
2022/9/20,1
2022/9/21,1
2022/9/22,1
2022/9/23,1
2022/9/24,0
2022/9/25,0
2022/9/26,1
2022/9/27,1
2022/9/28,1
2022/9/29,1
2022/9/30,1
2022/10/1,0
2022/10/2,0
2022/10/3,0
2022/10/4,0
2022/10/5,0
2022/10/6,0
2022/10/7,0
2022/10/8,0
2022/10/9,0
2022/10/10,1
2022/10/11,1
2022/10/12,1
2022/10/13,1
2022/10/14,1
2022/10/15,0
2022/10/16,0
2022/10/17,1
2022/10/18,1
2022/10/19,1
2022/10/20,1
2022/10/21,1
2022/10/22,0
2022/10/23,0
2022/10/24,1
2022/10/25,1
2022/10/26,1
2022/10/27,1
2022/10/28,1
2022/10/29,0
2022/10/30,0
2022/10/31,1
2022/11/1,1
2022/11/2,1
2022/11/3,1
2022/11/4,1
2022/11/5,0
2022/11/6,0
2022/11/7,1
2022/11/8,1
2022/11/9,1
2022/11/10,1
2022/11/11,1
2022/11/12,0
2022/11/13,0
2022/11/14,1
2022/11/15,1
2022/11/16,1
2022/11/17,1
2022/11/18,1
2022/11/19,0
2022/11/20,0
2022/11/21,1
2022/11/22,1
2022/11/23,1
2022/11/24,1
2022/11/25,1
2022/11/26,0
2022/11/27,0
2022/11/28,1
2022/11/29,1
2022/11/30,1
2022/12/1,1
2022/12/2,1
2022/12/3,0
2022/12/4,0
2022/12/5,1
2022/12/6,1
2022/12/7,1
2022/12/8,1
2022/12/9,1
2022/12/10,0
2022/12/11,0
2022/12/12,1
2022/12/13,1
2022/12/14,1
2022/12/15,1
2022/12/16,1
2022/12/17,0
2022/12/18,0
2022/12/19,1
2022/12/20,1
2022/12/21,1
2022/12/22,1
2022/12/23,1
2022/12/24,0
2022/12/25,0
2022/12/26,1
2022/12/27,1
2022/12/28,1
2022/12/29,1
2022/12/30,1
2022/12/31,0
2023/1/1,0
2023/1/2,0
2023/1/3,1
2023/1/4,1
2023/1/5,1
2023/1/6,1
2023/1/7,0
2023/1/8,0
2023/1/9,1
2023/1/10,1
2023/1/11,1
2023/1/12,1
2023/1/13,1
2023/1/14,0
2023/1/15,0
2023/1/16,1
2023/1/17,1
2023/1/18,1
2023/1/19,1
2023/1/20,1
2023/1/21,0
2023/1/22,0
2023/1/23,0
2023/1/24,0
2023/1/25,0
2023/1/26,0
2023/1/27,0
2023/1/28,0
2023/1/29,0
2023/1/30,1
2023/1/31,1
2023/2/1,1
2023/2/2,1
2023/2/3,1
2023/2/4,0
2023/2/5,0
2023/2/6,1
2023/2/7,1
2023/2/8,1
2023/2/9,1
2023/2/10,1
2023/2/11,0
2023/2/12,0
2023/2/13,1
2023/2/14,1
2023/2/15,1
2023/2/16,1
2023/2/17,1
2023/2/18,0
2023/2/19,0
2023/2/20,1
2023/2/21,1
2023/2/22,1
2023/2/23,1
2023/2/24,1
2023/2/25,0
2023/2/26,0
2023/2/27,1
2023/2/28,1
2023/3/1,1
2023/3/2,1
2023/3/3,1
2023/3/4,0
2023/3/5,0
2023/3/6,1
2023/3/7,1
2023/3/8,1
2023/3/9,1
2023/3/10,1
2023/3/11,0
2023/3/12,0
2023/3/13,1
2023/3/14,1
2023/3/15,1
2023/3/16,1
2023/3/17,1
2023/3/18,0
2023/3/19,0
2023/3/20,1
2023/3/21,1
2023/3/22,1
2023/3/23,1
2023/3/24,1
2023/3/25,0
2023/3/26,0
2023/3/27,1
2023/3/28,1
2023/3/29,1
2023/3/30,1
2023/3/31,1
2023/4/1,0
2023/4/2,0
2023/4/3,1
2023/4/4,1
2023/4/5,0
2023/4/6,1
2023/4/7,1
2023/4/8,0
2023/4/9,0
2023/4/10,1
2023/4/11,1
2023/4/12,1
2023/4/13,1
2023/4/14,1
2023/4/15,0
2023/4/16,0
2023/4/17,1
2023/4/18,1
2023/4/19,1
2023/4/20,1
2023/4/21,1
2023/4/22,0
2023/4/23,0
2023/4/24,1
2023/4/25,1
2023/4/26,1
2023/4/27,1
2023/4/28,1
2023/4/29,0
2023/4/30,0
2023/5/1,0
2023/5/2,1
2023/5/3,1
2023/5/4,1
2023/5/5,1
2023/5/6,0
2023/5/7,0
2023/5/8,1
2023/5/9,1
2023/5/10,1
2023/5/11,1
2023/5/12,1
2023/5/13,0
2023/5/14,0
2023/5/15,1
2023/5/16,1
2023/5/17,1
2023/5/18,1
2023/5/19,1
2023/5/20,0
2023/5/21,0
2023/5/22,1
2023/5/23,1
2023/5/24,1
2023/5/25,1
2023/5/26,1
2023/5/27,0
2023/5/28,0
2023/5/29,1
2023/5/30,1
2023/5/31,1
2023/6/1,1
2023/6/2,1
2023/6/3,0
2023/6/4,0
2023/6/5,1
2023/6/6,1
2023/6/7,1
2023/6/8,1
2023/6/9,1
2023/6/10,0
2023/6/11,0
2023/6/12,1
2023/6/13,1
2023/6/14,1
2023/6/15,1
2023/6/16,1
2023/6/17,0
2023/6/18,0
2023/6/19,1
2023/6/20,1
2023/6/21,1
2023/6/22,0
2023/6/23,0
2023/6/24,0
2023/6/25,0
2023/6/26,1
2023/6/27,1
2023/6/28,1
2023/6/29,1
2023/6/30,1
2023/7/1,0
2023/7/2,0
2023/7/3,1
2023/7/4,1
2023/7/5,1
2023/7/6,1
2023/7/7,1
2023/7/8,0
2023/7/9,0
2023/7/10,1
2023/7/11,1
2023/7/12,1
2023/7/13,1
2023/7/14,1
2023/7/15,0
2023/7/16,0
2023/7/17,1
2023/7/18,1
2023/7/19,1
2023/7/20,1
2023/7/21,1
2023/7/22,0
2023/7/23,0
2023/7/24,1
2023/7/25,1
2023/7/26,1
2023/7/27,1
2023/7/28,1
2023/7/29,0
2023/7/30,0
2023/7/31,1
2023/8/1,1
2023/8/2,1
2023/8/3,1
2023/8/4,1
2023/8/5,0
2023/8/6,0
2023/8/7,1
2023/8/8,1
2023/8/9,1
2023/8/10,1
2023/8/11,1
2023/8/12,0
2023/8/13,0
2023/8/14,1
2023/8/15,1
2023/8/16,1
2023/8/17,1
2023/8/18,1
2023/8/19,0
2023/8/20,0
2023/8/21,1
2023/8/22,1
2023/8/23,1
2023/8/24,1
2023/8/25,1
2023/8/26,0
2023/8/27,0
2023/8/28,1
2023/8/29,1
2023/8/30,1
2023/8/31,1
2023/9/1,1
2023/9/2,0
2023/9/3,0
2023/9/4,1
2023/9/5,1
2023/9/6,1
2023/9/7,1
2023/9/8,1
2023/9/9,0
2023/9/10,0
2023/9/11,1
2023/9/12,1
2023/9/13,1
2023/9/14,1
2023/9/15,1
2023/9/16,0
2023/9/17,0
2023/9/18,1
2023/9/19,1
2023/9/20,1
2023/9/21,1
2023/9/22,1
2023/9/23,0
2023/9/24,0
2023/9/25,1
2023/9/26,1
2023/9/27,1
2023/9/28,1
2023/9/29,0
2023/9/30,0
2023/10/1,0
2023/10/2,0
2023/10/3,0
2023/10/4,0
2023/10/5,0
2023/10/6,0
2023/10/7,0
2023/10/8,0
2023/10/9,1
2023/10/10,1
2023/10/11,1
2023/10/12,1
2023/10/13,1
2023/10/14,0
2023/10/15,0
2023/10/16,1
2023/10/17,1
2023/10/18,1
2023/10/19,1
2023/10/20,1
2023/10/21,0
2023/10/22,0
2023/10/23,1
2023/10/24,1
2023/10/25,1
2023/10/26,1
2023/10/27,1
2023/10/28,0
2023/10/29,0
2023/10/30,1
2023/10/31,1
2023/11/1,1
2023/11/2,1
2023/11/3,1
2023/11/4,0
2023/11/5,0
2023/11/6,1
2023/11/7,1
2023/11/8,1
2023/11/9,1
2023/11/10,1
2023/11/11,0
2023/11/12,0
2023/11/13,1
2023/11/14,1
2023/11/15,1
2023/11/16,1
2023/11/17,1
2023/11/18,0
2023/11/19,0
2023/11/20,1
2023/11/21,1
2023/11/22,1
2023/11/23,1
2023/11/24,1
2023/11/25,0
2023/11/26,0
2023/11/27,1
2023/11/28,1
2023/11/29,1
2023/11/30,1
2023/12/1,1
2023/12/2,0
2023/12/3,0
2023/12/4,1
2023/12/5,1
2023/12/6,1
2023/12/7,1
2023/12/8,1
2023/12/9,0
2023/12/10,0
2023/12/11,1
2023/12/12,1
2023/12/13,1
2023/12/14,1
2023/12/15,1
2023/12/16,0
2023/12/17,0
2023/12/18,1
2023/12/19,1
2023/12/20,1
2023/12/21,1
2023/12/22,1
2023/12/23,0
2023/12/24,0
2023/12/25,1
2023/12/26,1
2023/12/27,1
2023/12/28,1
2023/12/29,1
2023/12/30,0
2023/12/31,0
2024/1/1,0
2024/1/2,1
2024/1/3,1
2024/1/4,1
2024/1/5,1
2024/1/6,0
2024/1/7,0
2024/1/8,1
2024/1/9,1
2024/1/10,1
2024/1/11,1
2024/1/12,1
2024/1/13,0
2024/1/14,0
2024/1/15,1
2024/1/16,1
2024/1/17,1
2024/1/18,1
2024/1/19,1
2024/1/20,0
2024/1/21,0
2024/1/22,1
2024/1/23,1
2024/1/24,1
2024/1/25,1
2024/1/26,1
2024/1/27,0
2024/1/28,0
2024/1/29,1
2024/1/30,1
2024/1/31,1
2024/2/1,1
2024/2/2,1
2024/2/3,0
2024/2/4,0
2024/2/5,1
2024/2/6,1
2024/2/7,1
2024/2/8,1
2024/2/9,0
2024/2/10,0
2024/2/11,0
2024/2/12,0
2024/2/13,0
2024/2/14,0
2024/2/15,0
2024/2/16,1
2024/2/17,0
2024/2/18,0
2024/2/19,1
2024/2/20,1
2024/2/21,1
2024/2/22,1
2024/2/23,1
2024/2/24,0
2024/2/25,0
2024/2/26,1
2024/2/27,1
2024/2/28,1
2024/2/29,1
2024/3/1,1
2024/3/2,0
2024/3/3,0
2024/3/4,1
2024/3/5,1
2024/3/6,1
2024/3/7,1
2024/3/8,1
2024/3/9,0
2024/3/10,0
2024/3/11,1
2024/3/12,1
2024/3/13,1
2024/3/14,1
2024/3/15,1
2024/3/16,0
2024/3/17,0
2024/3/18,1
2024/3/19,1
2024/3/20,1
2024/3/21,1
2024/3/22,1
2024/3/23,0
2024/3/24,0
2024/3/25,1
2024/3/26,1
2024/3/27,1
2024/3/28,1
2024/3/29,1
2024/3/30,0
2024/3/31,0
2024/4/1,1
2024/4/2,1
2024/4/3,1
2024/4/4,0
2024/4/5,0
2024/4/6,0
2024/4/7,0
2024/4/8,1
2024/4/9,1
2024/4/10,1
2024/4/11,1
2024/4/12,1
2024/4/13,0
2024/4/14,0
2024/4/15,1
2024/4/16,1
2024/4/17,1
2024/4/18,1
2024/4/19,1
2024/4/20,0
2024/4/21,0
2024/4/22,1
2024/4/23,1
2024/4/24,1
2024/4/25,1
2024/4/26,1
2024/4/27,0
2024/4/28,0
2024/4/29,1
2024/4/30,1
2024/5/1,0
2024/5/2,1
2024/5/3,1
2024/5/4,0
2024/5/5,0
2024/5/6,1
2024/5/7,1
2024/5/8,1
2024/5/9,1
2024/5/10,1
2024/5/11,0
2024/5/12,0
2024/5/13,1
2024/5/14,1
2024/5/15,1
2024/5/16,1
2024/5/17,1
2024/5/18,0
2024/5/19,0
2024/5/20,1
2024/5/21,1
2024/5/22,1
2024/5/23,1
2024/5/24,1
2024/5/25,0
2024/5/26,0
2024/5/27,1
2024/5/28,1
2024/5/29,1
2024/5/30,1
2024/5/31,1
2024/6/1,0
2024/6/2,0
2024/6/3,1
2024/6/4,1
2024/6/5,1
2024/6/6,1
2024/6/7,1
2024/6/8,0
2024/6/9,0
2024/6/10,0
2024/6/11,1
2024/6/12,1
2024/6/13,1
2024/6/14,1
2024/6/15,0
2024/6/16,0
2024/6/17,1
2024/6/18,1
2024/6/19,1
2024/6/20,1
2024/6/21,1
2024/6/22,0
2024/6/23,0
2024/6/24,1
2024/6/25,1
2024/6/26,1
2024/6/27,1
2024/6/28,1
2024/6/29,0
2024/6/30,0
2024/7/1,1
2024/7/2,1
2024/7/3,1
2024/7/4,1
2024/7/5,1
2024/7/6,0
2024/7/7,0
2024/7/8,1
2024/7/9,1
2024/7/10,1
2024/7/11,1
2024/7/12,1
2024/7/13,0
2024/7/14,0
2024/7/15,1
2024/7/16,1
2024/7/17,1
2024/7/18,1
2024/7/19,1
2024/7/20,0
2024/7/21,0
2024/7/22,1
2024/7/23,1
2024/7/24,1
2024/7/25,1
2024/7/26,1
2024/7/27,0
2024/7/28,0
2024/7/29,1
2024/7/30,1
2024/7/31,1
2024/8/1,1
2024/8/2,1
2024/8/3,0
2024/8/4,0
2024/8/5,1
2024/8/6,1
2024/8/7,1
2024/8/8,1
2024/8/9,1
2024/8/10,0
2024/8/11,0
2024/8/12,1
2024/8/13,1
2024/8/14,1
2024/8/15,1
2024/8/16,1
2024/8/17,0
2024/8/18,0
2024/8/19,1
2024/8/20,1
2024/8/21,1
2024/8/22,1
2024/8/23,1
2024/8/24,0
2024/8/25,0
2024/8/26,1
2024/8/27,1
2024/8/28,1
2024/8/29,1
2024/8/30,1
2024/8/31,0
2024/9/1,0
2024/9/2,1
2024/9/3,1
2024/9/4,1
2024/9/5,1
2024/9/6,1
2024/9/7,0
2024/9/8,0
2024/9/9,1
2024/9/10,1
2024/9/11,1
2024/9/12,1
2024/9/13,1
2024/9/14,0
2024/9/15,0
2024/9/16,0
2024/9/17,0
2024/9/18,1
2024/9/19,1
2024/9/20,1
2024/9/21,0
2024/9/22,0
2024/9/23,1
2024/9/24,1
2024/9/25,1
2024/9/26,1
2024/9/27,1
2024/9/28,0
2024/9/29,0
2024/9/30,1
2024/10/1,0
2024/10/2,0
2024/10/3,0
2024/10/4,0
2024/10/5,0
2024/10/6,0
2024/10/7,0
2024/10/8,1
2024/10/9,1
2024/10/10,1
2024/10/11,1
2024/10/12,0
2024/10/13,0
2024/10/14,1
2024/10/15,1
2024/10/16,1
2024/10/17,1
2024/10/18,1
2024/10/19,0
2024/10/20,0
2024/10/21,1
2024/10/22,1
2024/10/23,1
2024/10/24,1
2024/10/25,1
2024/10/26,0
2024/10/27,0
2024/10/28,1
2024/10/29,1
2024/10/30,1
2024/10/31,1
2024/11/1,1
2024/11/2,0
2024/11/3,0
2024/11/4,1
2024/11/5,1
2024/11/6,1
2024/11/7,1
2024/11/8,1
2024/11/9,0
2024/11/10,0
2024/11/11,1
2024/11/12,1
2024/11/13,1
2024/11/14,1
2024/11/15,1
2024/11/16,0
2024/11/17,0
2024/11/18,1
2024/11/19,1
2024/11/20,1
2024/11/21,1
2024/11/22,1
2024/11/23,0
2024/11/24,0
2024/11/25,1
2024/11/26,1
2024/11/27,1
2024/11/28,1
2024/11/29,1
2024/11/30,0
2024/12/1,0
2024/12/2,1
2024/12/3,1
2024/12/4,1
2024/12/5,1
2024/12/6,1
2024/12/7,0
2024/12/8,0
2024/12/9,1
2024/12/10,1
2024/12/11,1
2024/12/12,1
2024/12/13,1
2024/12/14,0
2024/12/15,0
2024/12/16,1
2024/12/17,1
2024/12/18,1
2024/12/19,1
2024/12/20,1
2024/12/21,0
2024/12/22,0
2024/12/23,1
2024/12/24,1
2024/12/25,1
2024/12/26,1
2024/12/27,1
2024/12/28,0
2024/12/29,0
2024/12/30,1
2024/12/31,1
2025/1/1,0
2025/1/2,1
2025/1/3,1
2025/1/4,0
2025/1/5,0
2025/1/6,1
2025/1/7,1
2025/1/8,1
2025/1/9,1
2025/1/10,1
2025/1/11,0
2025/1/12,0
2025/1/13,1
2025/1/14,1
2025/1/15,1
2025/1/16,1
2025/1/17,1
2025/1/18,0
2025/1/19,0
2025/1/20,1
2025/1/21,1
2025/1/22,1
2025/1/23,1
2025/1/24,1
2025/1/25,0
2025/1/26,0
2025/1/27,1
2025/1/28,0
2025/1/29,0
2025/1/30,0
2025/1/31,0
2025/2/1,0
2025/2/2,0
2025/2/3,0
2025/2/4,1
2025/2/5,1
2025/2/6,1
2025/2/7,1
2025/2/8,0
2025/2/9,0
2025/2/10,1
2025/2/11,1
2025/2/12,1
2025/2/13,1
2025/2/14,1
2025/2/15,0
2025/2/16,0
2025/2/17,1
2025/2/18,1
2025/2/19,1
2025/2/20,1
2025/2/21,1
2025/2/22,0
2025/2/23,0
2025/2/24,1
2025/2/25,1
2025/2/26,1
2025/2/27,1
2025/2/28,1
2025/3/1,0
2025/3/2,0
2025/3/3,1
2025/3/4,1
2025/3/5,1
2025/3/6,1
2025/3/7,1
2025/3/8,0
2025/3/9,0
2025/3/10,1
2025/3/11,1
2025/3/12,1
2025/3/13,1
2025/3/14,1
2025/3/15,0
2025/3/16,0
2025/3/17,1
2025/3/18,1
2025/3/19,1
2025/3/20,1
2025/3/21,1
2025/3/22,0
2025/3/23,0
2025/3/24,1
2025/3/25,1
2025/3/26,1
2025/3/27,1
2025/3/28,1
2025/3/29,0
2025/3/30,0
2025/3/31,1
2025/4/1,1
2025/4/2,1
2025/4/3,1
2025/4/4,0
2025/4/5,0
2025/4/6,0
2025/4/7,1
2025/4/8,1
2025/4/9,1
2025/4/10,1
2025/4/11,1
2025/4/12,0
2025/4/13,0
2025/4/14,1
2025/4/15,1
2025/4/16,1
2025/4/17,1
2025/4/18,1
2025/4/19,0
2025/4/20,0
2025/4/21,1
2025/4/22,1
2025/4/23,1
2025/4/24,1
2025/4/25,1
2025/4/26,0
2025/4/27,0
2025/4/28,1
2025/4/29,1
2025/4/30,1
2025/5/1,0
2025/5/2,0
2025/5/3,0
2025/5/4,0
2025/5/5,1
2025/5/6,1
2025/5/7,1
2025/5/8,1
2025/5/9,1
2025/5/10,0
2025/5/11,0
2025/5/12,1
2025/5/13,1
2025/5/14,1
2025/5/15,1
2025/5/16,1
2025/5/17,0
2025/5/18,0
2025/5/19,1
2025/5/20,1
2025/5/21,1
2025/5/22,1
2025/5/23,1
2025/5/24,0
2025/5/25,0
2025/5/26,1
2025/5/27,1
2025/5/28,1
2025/5/29,1
2025/5/30,1
2025/5/31,0
2025/6/1,0
2025/6/2,0
2025/6/3,1
2025/6/4,1
2025/6/5,1
2025/6/6,1
2025/6/7,0
2025/6/8,0
2025/6/9,1
2025/6/10,1
2025/6/11,1
2025/6/12,1
2025/6/13,1
2025/6/14,0
2025/6/15,0
2025/6/16,1
2025/6/17,1
2025/6/18,1
2025/6/19,1
2025/6/20,1
2025/6/21,0
2025/6/22,0
2025/6/23,1
2025/6/24,1
2025/6/25,1
2025/6/26,1
2025/6/27,1
2025/6/28,0
2025/6/29,0
2025/6/30,1
2025/7/1,1
2025/7/2,1
2025/7/3,1
2025/7/4,1
2025/7/5,0
2025/7/6,0
2025/7/7,1
2025/7/8,1
2025/7/9,1
2025/7/10,1
2025/7/11,1
2025/7/12,0
2025/7/13,0
2025/7/14,1
2025/7/15,1
2025/7/16,1
2025/7/17,1
2025/7/18,1
2025/7/19,0
2025/7/20,0
2025/7/21,1
2025/7/22,1
2025/7/23,1
2025/7/24,1
2025/7/25,1
2025/7/26,0
2025/7/27,0
2025/7/28,1
2025/7/29,1
2025/7/30,1
2025/7/31,1
2025/8/1,1
2025/8/2,0
2025/8/3,0
2025/8/4,1
2025/8/5,1
2025/8/6,1
2025/8/7,1
2025/8/8,1
2025/8/9,0
2025/8/10,0
2025/8/11,1
2025/8/12,1
2025/8/13,1
2025/8/14,1
2025/8/15,1
2025/8/16,0
2025/8/17,0
2025/8/18,1
2025/8/19,1
2025/8/20,1
2025/8/21,1
2025/8/22,1
2025/8/23,0
2025/8/24,0
2025/8/25,1
2025/8/26,1
2025/8/27,1
2025/8/28,1
2025/8/29,1
2025/8/30,0
2025/8/31,0
2025/9/1,1
2025/9/2,1
2025/9/3,1
2025/9/4,1
2025/9/5,1
2025/9/6,0
2025/9/7,0
2025/9/8,1
2025/9/9,1
2025/9/10,1
2025/9/11,1
2025/9/12,1
2025/9/13,0
2025/9/14,0
2025/9/15,1
2025/9/16,1
2025/9/17,1
2025/9/18,1
2025/9/19,1
2025/9/20,0
2025/9/21,0
2025/9/22,1
2025/9/23,1
2025/9/24,1
2025/9/25,1
2025/9/26,1
2025/9/27,0
2025/9/28,0
2025/9/29,1
2025/9/30,1
2025/10/1,0
2025/10/2,0
2025/10/3,0
2025/10/4,0
2025/10/5,0
2025/10/6,0
2025/10/7,0
2025/10/8,0
2025/10/9,1
2025/10/10,1
2025/10/11,0
2025/10/12,0
2025/10/13,1
2025/10/14,1
2025/10/15,1
2025/10/16,1
2025/10/17,1
2025/10/18,0
2025/10/19,0
2025/10/20,1
2025/10/21,1
2025/10/22,1
2025/10/23,1
2025/10/24,1
2025/10/25,0
2025/10/26,0
2025/10/27,1
2025/10/28,1
2025/10/29,1
2025/10/30,1
2025/10/31,1
2025/11/1,0
2025/11/2,0
2025/11/3,1
2025/11/4,1
2025/11/5,1
2025/11/6,1
2025/11/7,1
2025/11/8,0
2025/11/9,0
2025/11/10,1
2025/11/11,1
2025/11/12,1
2025/11/13,1
2025/11/14,1
2025/11/15,0
2025/11/16,0
2025/11/17,1
2025/11/18,1
2025/11/19,1
2025/11/20,1
2025/11/21,1
2025/11/22,0
2025/11/23,0
2025/11/24,1
2025/11/25,1
2025/11/26,1
2025/11/27,1
2025/11/28,1
2025/11/29,0
2025/11/30,0
2025/12/1,1
2025/12/2,1
2025/12/3,1
2025/12/4,1
2025/12/5,1
2025/12/6,0
2025/12/7,0
2025/12/8,1
2025/12/9,1
2025/12/10,1
2025/12/11,1
2025/12/12,1
2025/12/13,0
2025/12/14,0
2025/12/15,1
2025/12/16,1
2025/12/17,1
2025/12/18,1
2025/12/19,1
2025/12/20,0
2025/12/21,0
2025/12/22,1
2025/12/23,1
2025/12/24,1
2025/12/25,1
2025/12/26,1
2025/12/27,0
2025/12/28,0
2025/12/29,1
2025/12/30,1
2025/12/31,1
2026/1/1,0
2026/1/2,0
2026/1/3,0
2026/1/4,0
2026/1/5,1
2026/1/6,1
2026/1/7,1
2026/1/8,1
2026/1/9,1
2026/1/10,0
2026/1/11,0
2026/1/12,1
2026/1/13,1
2026/1/14,1
2026/1/15,1
2026/1/16,1
2026/1/17,0
2026/1/18,0
2026/1/19,1
2026/1/20,1
2026/1/21,1
2026/1/22,1
2026/1/23,1
2026/1/24,0
2026/1/25,0
2026/1/26,1
2026/1/27,1
2026/1/28,1
2026/1/29,1
2026/1/30,1
2026/1/31,0
2026/2/1,0
2026/2/2,1
2026/2/3,1
2026/2/4,1
2026/2/5,1
2026/2/6,1
2026/2/7,0
2026/2/8,0
2026/2/9,1
2026/2/10,1
2026/2/11,1
2026/2/12,1
2026/2/13,1
2026/2/14,0
2026/2/15,0
2026/2/16,0
2026/2/17,0
2026/2/18,0
2026/2/19,0
2026/2/20,0
2026/2/21,0
2026/2/22,0
2026/2/23,1
2026/2/24,1
2026/2/25,1
2026/2/26,1
2026/2/27,1
2026/2/28,0
2026/3/1,0
2026/3/2,1
2026/3/3,1
2026/3/4,1
2026/3/5,1
2026/3/6,1
2026/3/7,0
2026/3/8,0
2026/3/9,1
2026/3/10,1
2026/3/11,1
2026/3/12,1
2026/3/13,1
2026/3/14,0
2026/3/15,0
2026/3/16,1
2026/3/17,1
2026/3/18,1
2026/3/19,1
2026/3/20,1
2026/3/21,0
2026/3/22,0
2026/3/23,1
2026/3/24,1
2026/3/25,1
2026/3/26,1
2026/3/27,1
2026/3/28,0
2026/3/29,0
2026/3/30,1
2026/3/31,1
2026/4/1,1
2026/4/2,1
2026/4/3,1
2026/4/4,0
2026/4/5,0
2026/4/6,0
2026/4/7,1
2026/4/8,1
2026/4/9,1
2026/4/10,1
2026/4/11,0
2026/4/12,0
2026/4/13,1
2026/4/14,1
2026/4/15,1
2026/4/16,1
2026/4/17,1
2026/4/18,0
2026/4/19,0
2026/4/20,1
2026/4/21,1
2026/4/22,1
2026/4/23,1
2026/4/24,1
2026/4/25,0
2026/4/26,0
2026/4/27,1
2026/4/28,1
2026/4/29,1
2026/4/30,1
2026/5/1,0
2026/5/2,0
2026/5/3,0
2026/5/4,1
2026/5/5,1
2026/5/6,1
2026/5/7,1
2026/5/8,1
2026/5/9,0
2026/5/10,0
2026/5/11,1
2026/5/12,1
2026/5/13,1
2026/5/14,1
2026/5/15,1
2026/5/16,0
2026/5/17,0
2026/5/18,1
2026/5/19,1
2026/5/20,1
2026/5/21,1
2026/5/22,1
2026/5/23,0
2026/5/24,0
2026/5/25,1
2026/5/26,1
2026/5/27,1
2026/5/28,1
2026/5/29,1
2026/5/30,0
2026/5/31,0
2026/6/1,1
2026/6/2,1
2026/6/3,1
2026/6/4,1
2026/6/5,1
2026/6/6,0
2026/6/7,0
2026/6/8,1
2026/6/9,1
2026/6/10,1
2026/6/11,1
2026/6/12,1
2026/6/13,0
2026/6/14,0
2026/6/15,1
2026/6/16,1
2026/6/17,1
2026/6/18,1
2026/6/19,0
2026/6/20,0
2026/6/21,0
2026/6/22,1
2026/6/23,1
2026/6/24,1
2026/6/25,1
2026/6/26,1
2026/6/27,0
2026/6/28,0
2026/6/29,1
2026/6/30,1
2026/7/1,1
2026/7/2,1
2026/7/3,1
2026/7/4,0
2026/7/5,0
2026/7/6,1
2026/7/7,1
2026/7/8,1
2026/7/9,1
2026/7/10,1
2026/7/11,0
2026/7/12,0
2026/7/13,1
2026/7/14,1
2026/7/15,1
2026/7/16,1
2026/7/17,1
2026/7/18,0
2026/7/19,0
2026/7/20,1
2026/7/21,1
2026/7/22,1
2026/7/23,1
2026/7/24,1
2026/7/25,0
2026/7/26,0
2026/7/27,1
2026/7/28,1
2026/7/29,1
2026/7/30,1
2026/7/31,1
2026/8/1,0
2026/8/2,0
2026/8/3,1
2026/8/4,1
2026/8/5,1
2026/8/6,1
2026/8/7,1
2026/8/8,0
2026/8/9,0
2026/8/10,1
2026/8/11,1
2026/8/12,1
2026/8/13,1
2026/8/14,1
2026/8/15,0
2026/8/16,0
2026/8/17,1
2026/8/18,1
2026/8/19,1
2026/8/20,1
2026/8/21,1
2026/8/22,0
2026/8/23,0
2026/8/24,1
2026/8/25,1
2026/8/26,1
2026/8/27,1
2026/8/28,1
2026/8/29,0
2026/8/30,0
2026/8/31,1
2026/9/1,1
2026/9/2,1
2026/9/3,1
2026/9/4,1
2026/9/5,0
2026/9/6,0
2026/9/7,1
2026/9/8,1
2026/9/9,1
2026/9/10,1
2026/9/11,1
2026/9/12,0
2026/9/13,0
2026/9/14,1
2026/9/15,1
2026/9/16,1
2026/9/17,1
2026/9/18,1
2026/9/19,0
2026/9/20,0
2026/9/21,1
2026/9/22,1
2026/9/23,1
2026/9/24,1
2026/9/25,0
2026/9/26,0
2026/9/27,0
2026/9/28,1
2026/9/29,1
2026/9/30,1
2026/10/1,0
2026/10/2,0
2026/10/3,0
2026/10/4,0
2026/10/5,0
2026/10/6,0
2026/10/7,0
2026/10/8,1
2026/10/9,1
2026/10/10,0
2026/10/11,0
2026/10/12,1
2026/10/13,1
2026/10/14,1
2026/10/15,1
2026/10/16,1
2026/10/17,0
2026/10/18,0
2026/10/19,1
2026/10/20,1
2026/10/21,1
2026/10/22,1
2026/10/23,1
2026/10/24,0
2026/10/25,0
2026/10/26,1
2026/10/27,1
2026/10/28,1
2026/10/29,1
2026/10/30,1
2026/10/31,0
2026/11/1,0
2026/11/2,1
2026/11/3,1
2026/11/4,1
2026/11/5,1
2026/11/6,1
2026/11/7,0
2026/11/8,0
2026/11/9,1
2026/11/10,1
2026/11/11,1
2026/11/12,1
2026/11/13,1
2026/11/14,0
2026/11/15,0
2026/11/16,1
2026/11/17,1
2026/11/18,1
2026/11/19,1
2026/11/20,1
2026/11/21,0
2026/11/22,0
2026/11/23,1
2026/11/24,1
2026/11/25,1
2026/11/26,1
2026/11/27,1
2026/11/28,0
2026/11/29,0
2026/11/30,1
2026/12/1,1
2026/12/2,1
2026/12/3,1
2026/12/4,1
2026/12/5,0
2026/12/6,0
2026/12/7,1
2026/12/8,1
2026/12/9,1
2026/12/10,1
2026/12/11,1
2026/12/12,0
2026/12/13,0
2026/12/14,1
2026/12/15,1
2026/12/16,1
2026/12/17,1
2026/12/18,1
2026/12/19,0
2026/12/20,0
2026/12/21,1
2026/12/22,1
2026/12/23,1
2026/12/24,1
2026/12/25,1
2026/12/26,0
2026/12/27,0
2026/12/28,1
2026/12/29,1
2026/12/30,1
2026/12/31,1
2027/1/1,0
2027/1/2,0
2027/1/3,0
2027/1/4,1
2027/1/5,1
2027/1/6,1
2027/1/7,1
2027/1/8,1
2027/1/9,0
2027/1/10,0
2027/1/11,1
2027/1/12,1
2027/1/13,1
2027/1/14,1
2027/1/15,1
2027/1/16,0
2027/1/17,0
2027/1/18,1
2027/1/19,1
2027/1/20,1
2027/1/21,1
2027/1/22,1
2027/1/23,0
2027/1/24,0
2027/1/25,1
2027/1/26,1
2027/1/27,1
2027/1/28,1
2027/1/29,1
2027/1/30,0
2027/1/31,0
2027/2/1,1
2027/2/2,1
2027/2/3,1
2027/2/4,1
2027/2/5,0
2027/2/6,0
2027/2/7,0
2027/2/8,0
2027/2/9,0
2027/2/10,0
2027/2/11,0
2027/2/12,1
2027/2/13,0
2027/2/14,0
2027/2/15,1
2027/2/16,1
2027/2/17,1
2027/2/18,1
2027/2/19,1
2027/2/20,0
2027/2/21,0
2027/2/22,1
2027/2/23,1
2027/2/24,1
2027/2/25,1
2027/2/26,1
2027/2/27,0
2027/2/28,0
2027/3/1,1
2027/3/2,1
2027/3/3,1
2027/3/4,1
2027/3/5,1
2027/3/6,0
2027/3/7,0
2027/3/8,1
2027/3/9,1
2027/3/10,1
2027/3/11,1
2027/3/12,1
2027/3/13,0
2027/3/14,0
2027/3/15,1
2027/3/16,1
2027/3/17,1
2027/3/18,1
2027/3/19,1
2027/3/20,0
2027/3/21,0
2027/3/22,1
2027/3/23,1
2027/3/24,1
2027/3/25,1
2027/3/26,1
2027/3/27,0
2027/3/28,0
2027/3/29,1
2027/3/30,1
2027/3/31,1
2027/4/1,1
2027/4/2,1
2027/4/3,0
2027/4/4,0
2027/4/5,0
2027/4/6,1
2027/4/7,1
2027/4/8,1
2027/4/9,1
2027/4/10,0
2027/4/11,0
2027/4/12,1
2027/4/13,1
2027/4/14,1
2027/4/15,1
2027/4/16,1
2027/4/17,0
2027/4/18,0
2027/4/19,1
2027/4/20,1
2027/4/21,1
2027/4/22,1
2027/4/23,1
2027/4/24,0
2027/4/25,0
2027/4/26,1
2027/4/27,1
2027/4/28,1
2027/4/29,1
2027/4/30,1
2027/5/1,0
2027/5/2,0
2027/5/3,0
2027/5/4,1
2027/5/5,1
2027/5/6,1
2027/5/7,1
2027/5/8,0
2027/5/9,0
2027/5/10,1
2027/5/11,1
2027/5/12,1
2027/5/13,1
2027/5/14,1
2027/5/15,0
2027/5/16,0
2027/5/17,1
2027/5/18,1
2027/5/19,1
2027/5/20,1
2027/5/21,1
2027/5/22,0
2027/5/23,0
2027/5/24,1
2027/5/25,1
2027/5/26,1
2027/5/27,1
2027/5/28,1
2027/5/29,0
2027/5/30,0
2027/5/31,1
2027/6/1,1
2027/6/2,1
2027/6/3,1
2027/6/4,1
2027/6/5,0
2027/6/6,0
2027/6/7,1
2027/6/8,1
2027/6/9,0
2027/6/10,1
2027/6/11,1
2027/6/12,0
2027/6/13,0
2027/6/14,1
2027/6/15,1
2027/6/16,1
2027/6/17,1
2027/6/18,1
2027/6/19,0
2027/6/20,0
2027/6/21,1
2027/6/22,1
2027/6/23,1
2027/6/24,1
2027/6/25,1
2027/6/26,0
2027/6/27,0
2027/6/28,1
2027/6/29,1
2027/6/30,1
2027/7/1,1
2027/7/2,1
2027/7/3,0
2027/7/4,0
2027/7/5,1
2027/7/6,1
2027/7/7,1
2027/7/8,1
2027/7/9,1
2027/7/10,0
2027/7/11,0
2027/7/12,1
2027/7/13,1
2027/7/14,1
2027/7/15,1
2027/7/16,1
2027/7/17,0
2027/7/18,0
2027/7/19,1
2027/7/20,1
2027/7/21,1
2027/7/22,1
2027/7/23,1
2027/7/24,0
2027/7/25,0
2027/7/26,1
2027/7/27,1
2027/7/28,1
2027/7/29,1
2027/7/30,1
2027/7/31,0
2027/8/1,0
2027/8/2,1
2027/8/3,1
2027/8/4,1
2027/8/5,1
2027/8/6,1
2027/8/7,0
2027/8/8,0
2027/8/9,1
2027/8/10,1
2027/8/11,1
2027/8/12,1
2027/8/13,1
2027/8/14,0
2027/8/15,0
2027/8/16,1
2027/8/17,1
2027/8/18,1
2027/8/19,1
2027/8/20,1
2027/8/21,0
2027/8/22,0
2027/8/23,1
2027/8/24,1
2027/8/25,1
2027/8/26,1
2027/8/27,1
2027/8/28,0
2027/8/29,0
2027/8/30,1
2027/8/31,1
2027/9/1,1
2027/9/2,1
2027/9/3,1
2027/9/4,0
2027/9/5,0
2027/9/6,1
2027/9/7,1
2027/9/8,1
2027/9/9,1
2027/9/10,1
2027/9/11,0
2027/9/12,0
2027/9/13,1
2027/9/14,1
2027/9/15,0
2027/9/16,1
2027/9/17,1
2027/9/18,0
2027/9/19,0
2027/9/20,1
2027/9/21,1
2027/9/22,1
2027/9/23,1
2027/9/24,1
2027/9/25,0
2027/9/26,0
2027/9/27,1
2027/9/28,1
2027/9/29,1
2027/9/30,1
2027/10/1,0
2027/10/2,0
2027/10/3,0
2027/10/4,0
2027/10/5,0
2027/10/6,0
2027/10/7,0
2027/10/8,1
2027/10/9,0
2027/10/10,0
2027/10/11,1
2027/10/12,1
2027/10/13,1
2027/10/14,1
2027/10/15,1
2027/10/16,0
2027/10/17,0
2027/10/18,1
2027/10/19,1
2027/10/20,1
2027/10/21,1
2027/10/22,1
2027/10/23,0
2027/10/24,0
2027/10/25,1
2027/10/26,1
2027/10/27,1
2027/10/28,1
2027/10/29,1
2027/10/30,0
2027/10/31,0
2027/11/1,1
2027/11/2,1
2027/11/3,1
2027/11/4,1
2027/11/5,1
2027/11/6,0
2027/11/7,0
2027/11/8,1
2027/11/9,1
2027/11/10,1
2027/11/11,1
2027/11/12,1
2027/11/13,0
2027/11/14,0
2027/11/15,1
2027/11/16,1
2027/11/17,1
2027/11/18,1
2027/11/19,1
2027/11/20,0
2027/11/21,0
2027/11/22,1
2027/11/23,1
2027/11/24,1
2027/11/25,1
2027/11/26,1
2027/11/27,0
2027/11/28,0
2027/11/29,1
2027/11/30,1
2027/12/1,1
2027/12/2,1
2027/12/3,1
2027/12/4,0
2027/12/5,0
2027/12/6,1
2027/12/7,1
2027/12/8,1
2027/12/9,1
2027/12/10,1
2027/12/11,0
2027/12/12,0
2027/12/13,1
2027/12/14,1
2027/12/15,1
2027/12/16,1
2027/12/17,1
2027/12/18,0
2027/12/19,0
2027/12/20,1
2027/12/21,1
2027/12/22,1
2027/12/23,1
2027/12/24,1
2027/12/25,0
2027/12/26,0
2027/12/27,1
2027/12/28,1
2027/12/29,1
2027/12/30,1
2027/12/31,1
2028/1/1,0
2028/1/2,0
2028/1/3,0
2028/1/4,1
2028/1/5,1
2028/1/6,1
2028/1/7,1
2028/1/8,0
2028/1/9,0
2028/1/10,1
2028/1/11,1
2028/1/12,1
2028/1/13,1
2028/1/14,1
2028/1/15,0
2028/1/16,0
2028/1/17,1
2028/1/18,1
2028/1/19,1
2028/1/20,1
2028/1/21,1
2028/1/22,0
2028/1/23,0
2028/1/24,1
2028/1/25,0
2028/1/26,0
2028/1/27,0
2028/1/28,0
2028/1/29,0
2028/1/30,0
2028/1/31,0
2028/2/1,1
2028/2/2,1
2028/2/3,1
2028/2/4,1
2028/2/5,0
2028/2/6,0
2028/2/7,1
2028/2/8,1
2028/2/9,1
2028/2/10,1
2028/2/11,1
2028/2/12,0
2028/2/13,0
2028/2/14,1
2028/2/15,1
2028/2/16,1
2028/2/17,1
2028/2/18,1
2028/2/19,0
2028/2/20,0
2028/2/21,1
2028/2/22,1
2028/2/23,1
2028/2/24,1
2028/2/25,1
2028/2/26,0
2028/2/27,0
2028/2/28,1
2028/2/29,1
2028/3/1,1
2028/3/2,1
2028/3/3,1
2028/3/4,0
2028/3/5,0
2028/3/6,1
2028/3/7,1
2028/3/8,1
2028/3/9,1
2028/3/10,1
2028/3/11,0
2028/3/12,0
2028/3/13,1
2028/3/14,1
2028/3/15,1
2028/3/16,1
2028/3/17,1
2028/3/18,0
2028/3/19,0
2028/3/20,1
2028/3/21,1
2028/3/22,1
2028/3/23,1
2028/3/24,1
2028/3/25,0
2028/3/26,0
2028/3/27,1
2028/3/28,1
2028/3/29,1
2028/3/30,1
2028/3/31,1
2028/4/1,0
2028/4/2,0
2028/4/3,0
2028/4/4,0
2028/4/5,1
2028/4/6,1
2028/4/7,1
2028/4/8,0
2028/4/9,0
2028/4/10,1
2028/4/11,1
2028/4/12,1
2028/4/13,1
2028/4/14,1
2028/4/15,0
2028/4/16,0
2028/4/17,1
2028/4/18,1
2028/4/19,1
2028/4/20,1
2028/4/21,1
2028/4/22,0
2028/4/23,0
2028/4/24,1
2028/4/25,1
2028/4/26,1
2028/4/27,1
2028/4/28,1
2028/4/29,0
2028/4/30,0
2028/5/1,0
2028/5/2,1
2028/5/3,1
2028/5/4,1
2028/5/5,1
2028/5/6,0
2028/5/7,0
2028/5/8,1
2028/5/9,1
2028/5/10,1
2028/5/11,1
2028/5/12,1
2028/5/13,0
2028/5/14,0
2028/5/15,1
2028/5/16,1
2028/5/17,1
2028/5/18,1
2028/5/19,1
2028/5/20,0
2028/5/21,0
2028/5/22,1
2028/5/23,1
2028/5/24,1
2028/5/25,1
2028/5/26,1
2028/5/27,0
2028/5/28,0
2028/5/29,0
2028/5/30,1
2028/5/31,1
2028/6/1,1
2028/6/2,1
2028/6/3,0
2028/6/4,0
2028/6/5,1
2028/6/6,1
2028/6/7,1
2028/6/8,1
2028/6/9,1
2028/6/10,0
2028/6/11,0
2028/6/12,1
2028/6/13,1
2028/6/14,1
2028/6/15,1
2028/6/16,1
2028/6/17,0
2028/6/18,0
2028/6/19,1
2028/6/20,1
2028/6/21,1
2028/6/22,1
2028/6/23,1
2028/6/24,0
2028/6/25,0
2028/6/26,1
2028/6/27,1
2028/6/28,1
2028/6/29,1
2028/6/30,1
2028/7/1,0
2028/7/2,0
2028/7/3,1
2028/7/4,1
2028/7/5,1
2028/7/6,1
2028/7/7,1
2028/7/8,0
2028/7/9,0
2028/7/10,1
2028/7/11,1
2028/7/12,1
2028/7/13,1
2028/7/14,1
2028/7/15,0
2028/7/16,0
2028/7/17,1
2028/7/18,1
2028/7/19,1
2028/7/20,1
2028/7/21,1
2028/7/22,0
2028/7/23,0
2028/7/24,1
2028/7/25,1
2028/7/26,1
2028/7/27,1
2028/7/28,1
2028/7/29,0
2028/7/30,0
2028/7/31,1
2028/8/1,1
2028/8/2,1
2028/8/3,1
2028/8/4,1
2028/8/5,0
2028/8/6,0
2028/8/7,1
2028/8/8,1
2028/8/9,1
2028/8/10,1
2028/8/11,1
2028/8/12,0
2028/8/13,0
2028/8/14,1
2028/8/15,1
2028/8/16,1
2028/8/17,1
2028/8/18,1
2028/8/19,0
2028/8/20,0
2028/8/21,1
2028/8/22,1
2028/8/23,1
2028/8/24,1
2028/8/25,1
2028/8/26,0
2028/8/27,0
2028/8/28,1
2028/8/29,1
2028/8/30,1
2028/8/31,1
2028/9/1,1
2028/9/2,0
2028/9/3,0
2028/9/4,1
2028/9/5,1
2028/9/6,1
2028/9/7,1
2028/9/8,1
2028/9/9,0
2028/9/10,0
2028/9/11,1
2028/9/12,1
2028/9/13,1
2028/9/14,1
2028/9/15,1
2028/9/16,0
2028/9/17,0
2028/9/18,1
2028/9/19,1
2028/9/20,1
2028/9/21,1
2028/9/22,1
2028/9/23,0
2028/9/24,0
2028/9/25,1
2028/9/26,1
2028/9/27,1
2028/9/28,1
2028/9/29,1
2028/9/30,0
2028/10/1,0
2028/10/2,0
2028/10/3,0
2028/10/4,0
2028/10/5,0
2028/10/6,0
2028/10/7,0
2028/10/8,0
2028/10/9,1
2028/10/10,1
2028/10/11,1
2028/10/12,1
2028/10/13,1
2028/10/14,0
2028/10/15,0
2028/10/16,1
2028/10/17,1
2028/10/18,1
2028/10/19,1
2028/10/20,1
2028/10/21,0
2028/10/22,0
2028/10/23,1
2028/10/24,1
2028/10/25,1
2028/10/26,1
2028/10/27,1
2028/10/28,0
2028/10/29,0
2028/10/30,1
2028/10/31,1
2028/11/1,1
2028/11/2,1
2028/11/3,1
2028/11/4,0
2028/11/5,0
2028/11/6,1
2028/11/7,1
2028/11/8,1
2028/11/9,1
2028/11/10,1
2028/11/11,0
2028/11/12,0
2028/11/13,1
2028/11/14,1
2028/11/15,1
2028/11/16,1
2028/11/17,1
2028/11/18,0
2028/11/19,0
2028/11/20,1
2028/11/21,1
2028/11/22,1
2028/11/23,1
2028/11/24,1
2028/11/25,0
2028/11/26,0
2028/11/27,1
2028/11/28,1
2028/11/29,1
2028/11/30,1
2028/12/1,1
2028/12/2,0
2028/12/3,0
2028/12/4,1
2028/12/5,1
2028/12/6,1
2028/12/7,1
2028/12/8,1
2028/12/9,0
2028/12/10,0
2028/12/11,1
2028/12/12,1
2028/12/13,1
2028/12/14,1
2028/12/15,1
2028/12/16,0
2028/12/17,0
2028/12/18,1
2028/12/19,1
2028/12/20,1
2028/12/21,1
2028/12/22,1
2028/12/23,0
2028/12/24,0
2028/12/25,1
2028/12/26,1
2028/12/27,1
2028/12/28,1
2028/12/29,1
2028/12/30,0
2028/12/31,0
2029/1/1,0
2029/1/2,1
2029/1/3,1
2029/1/4,1
2029/1/5,1
2029/1/6,0
2029/1/7,0
2029/1/8,1
2029/1/9,1
2029/1/10,1
2029/1/11,1
2029/1/12,1
2029/1/13,0
2029/1/14,0
2029/1/15,1
2029/1/16,1
2029/1/17,1
2029/1/18,1
2029/1/19,1
2029/1/20,0
2029/1/21,0
2029/1/22,1
2029/1/23,1
2029/1/24,1
2029/1/25,1
2029/1/26,1
2029/1/27,0
2029/1/28,0
2029/1/29,1
2029/1/30,1
2029/1/31,1
2029/2/1,1
2029/2/2,1
2029/2/3,0
2029/2/4,0
2029/2/5,1
2029/2/6,1
2029/2/7,1
2029/2/8,1
2029/2/9,1
2029/2/10,0
2029/2/11,0
2029/2/12,0
2029/2/13,0
2029/2/14,0
2029/2/15,0
2029/2/16,0
2029/2/17,0
2029/2/18,0
2029/2/19,1
2029/2/20,1
2029/2/21,1
2029/2/22,1
2029/2/23,1
2029/2/24,0
2029/2/25,0
2029/2/26,1
2029/2/27,1
2029/2/28,1
2029/3/1,1
2029/3/2,1
2029/3/3,0
2029/3/4,0
2029/3/5,1
2029/3/6,1
2029/3/7,1
2029/3/8,1
2029/3/9,1
2029/3/10,0
2029/3/11,0
2029/3/12,1
2029/3/13,1
2029/3/14,1
2029/3/15,1
2029/3/16,1
2029/3/17,0
2029/3/18,0
2029/3/19,1
2029/3/20,1
2029/3/21,1
2029/3/22,1
2029/3/23,1
2029/3/24,0
2029/3/25,0
2029/3/26,1
2029/3/27,1
2029/3/28,1
2029/3/29,1
2029/3/30,1
2029/3/31,0
2029/4/1,0
2029/4/2,1
2029/4/3,1
2029/4/4,0
2029/4/5,1
2029/4/6,1
2029/4/7,0
2029/4/8,0
2029/4/9,1
2029/4/10,1
2029/4/11,1
2029/4/12,1
2029/4/13,1
2029/4/14,0
2029/4/15,0
2029/4/16,1
2029/4/17,1
2029/4/18,1
2029/4/19,1
2029/4/20,1
2029/4/21,0
2029/4/22,0
2029/4/23,1
2029/4/24,1
2029/4/25,1
2029/4/26,1
2029/4/27,1
2029/4/28,0
2029/4/29,0
2029/4/30,0
2029/5/1,0
2029/5/2,1
2029/5/3,1
2029/5/4,1
2029/5/5,0
2029/5/6,0
2029/5/7,1
2029/5/8,1
2029/5/9,1
2029/5/10,1
2029/5/11,1
2029/5/12,0
2029/5/13,0
2029/5/14,1
2029/5/15,1
2029/5/16,1
2029/5/17,1
2029/5/18,1
2029/5/19,0
2029/5/20,0
2029/5/21,1
2029/5/22,1
2029/5/23,1
2029/5/24,1
2029/5/25,1
2029/5/26,0
2029/5/27,0
2029/5/28,1
2029/5/29,1
2029/5/30,1
2029/5/31,1
2029/6/1,1
2029/6/2,0
2029/6/3,0
2029/6/4,1
2029/6/5,1
2029/6/6,1
2029/6/7,1
2029/6/8,1
2029/6/9,0
2029/6/10,0
2029/6/11,1
2029/6/12,1
2029/6/13,1
2029/6/14,1
2029/6/15,1
2029/6/16,0
2029/6/17,0
2029/6/18,0
2029/6/19,1
2029/6/20,1
2029/6/21,1
2029/6/22,1
2029/6/23,0
2029/6/24,0
2029/6/25,1
2029/6/26,1
2029/6/27,1
2029/6/28,1
2029/6/29,1
2029/6/30,0
2029/7/1,0
2029/7/2,1
2029/7/3,1
2029/7/4,1
2029/7/5,1
2029/7/6,1
2029/7/7,0
2029/7/8,0
2029/7/9,1
2029/7/10,1
2029/7/11,1
2029/7/12,1
2029/7/13,1
2029/7/14,0
2029/7/15,0
2029/7/16,1
2029/7/17,1
2029/7/18,1
2029/7/19,1
2029/7/20,1
2029/7/21,0
2029/7/22,0
2029/7/23,1
2029/7/24,1
2029/7/25,1
2029/7/26,1
2029/7/27,1
2029/7/28,0
2029/7/29,0
2029/7/30,1
2029/7/31,1
2029/8/1,1
2029/8/2,1
2029/8/3,1
2029/8/4,0
2029/8/5,0
2029/8/6,1
2029/8/7,1
2029/8/8,1
2029/8/9,1
2029/8/10,1
2029/8/11,0
2029/8/12,0
2029/8/13,1
2029/8/14,1
2029/8/15,1
2029/8/16,1
2029/8/17,1
2029/8/18,0
2029/8/19,0
2029/8/20,1
2029/8/21,1
2029/8/22,1
2029/8/23,1
2029/8/24,1
2029/8/25,0
2029/8/26,0
2029/8/27,1
2029/8/28,1
2029/8/29,1
2029/8/30,1
2029/8/31,1
2029/9/1,0
2029/9/2,0
2029/9/3,1
2029/9/4,1
2029/9/5,1
2029/9/6,1
2029/9/7,1
2029/9/8,0
2029/9/9,0
2029/9/10,1
2029/9/11,1
2029/9/12,1
2029/9/13,1
2029/9/14,1
2029/9/15,0
2029/9/16,0
2029/9/17,1
2029/9/18,1
2029/9/19,1
2029/9/20,1
2029/9/21,1
2029/9/22,0
2029/9/23,0
2029/9/24,0
2029/9/25,1
2029/9/26,1
2029/9/27,1
2029/9/28,1
2029/9/29,0
2029/9/30,0
2029/10/1,0
2029/10/2,0
2029/10/3,0
2029/10/4,0
2029/10/5,0
2029/10/6,0
2029/10/7,0
2029/10/8,1
2029/10/9,1
2029/10/10,1
2029/10/11,1
2029/10/12,1
2029/10/13,0
2029/10/14,0
2029/10/15,1
2029/10/16,1
2029/10/17,1
2029/10/18,1
2029/10/19,1
2029/10/20,0
2029/10/21,0
2029/10/22,1
2029/10/23,1
2029/10/24,1
2029/10/25,1
2029/10/26,1
2029/10/27,0
2029/10/28,0
2029/10/29,1
2029/10/30,1
2029/10/31,1
2029/11/1,1
2029/11/2,1
2029/11/3,0
2029/11/4,0
2029/11/5,1
2029/11/6,1
2029/11/7,1
2029/11/8,1
2029/11/9,1
2029/11/10,0
2029/11/11,0
2029/11/12,1
2029/11/13,1
2029/11/14,1
2029/11/15,1
2029/11/16,1
2029/11/17,0
2029/11/18,0
2029/11/19,1
2029/11/20,1
2029/11/21,1
2029/11/22,1
2029/11/23,1
2029/11/24,0
2029/11/25,0
2029/11/26,1
2029/11/27,1
2029/11/28,1
2029/11/29,1
2029/11/30,1
2029/12/1,0
2029/12/2,0
2029/12/3,1
2029/12/4,1
2029/12/5,1
2029/12/6,1
2029/12/7,1
2029/12/8,0
2029/12/9,0
2029/12/10,1
2029/12/11,1
2029/12/12,1
2029/12/13,1
2029/12/14,1
2029/12/15,0
2029/12/16,0
2029/12/17,1
2029/12/18,1
2029/12/19,1
2029/12/20,1
2029/12/21,1
2029/12/22,0
2029/12/23,0
2029/12/24,1
2029/12/25,1
2029/12/26,1
2029/12/27,1
2029/12/28,1
2029/12/29,0
2029/12/30,0
2029/12/31,0
2030/1/1,0
2030/1/2,1
2030/1/3,1
2030/1/4,1
2030/1/5,0
2030/1/6,0
2030/1/7,1
2030/1/8,1
2030/1/9,1
2030/1/10,1
2030/1/11,1
2030/1/12,0
2030/1/13,0
2030/1/14,1
2030/1/15,1
2030/1/16,1
2030/1/17,1
2030/1/18,1
2030/1/19,0
2030/1/20,0
2030/1/21,1
2030/1/22,1
2030/1/23,1
2030/1/24,1
2030/1/25,1
2030/1/26,0
2030/1/27,0
2030/1/28,1
2030/1/29,1
2030/1/30,1
2030/1/31,1
2030/2/1,1
2030/2/2,0
2030/2/3,0
2030/2/4,0
2030/2/5,0
2030/2/6,0
2030/2/7,0
2030/2/8,0
2030/2/9,0
2030/2/10,0
2030/2/11,1
2030/2/12,1
2030/2/13,1
2030/2/14,1
2030/2/15,1
2030/2/16,0
2030/2/17,0
2030/2/18,1
2030/2/19,1
2030/2/20,1
2030/2/21,1
2030/2/22,1
2030/2/23,0
2030/2/24,0
2030/2/25,1
2030/2/26,1
2030/2/27,1
2030/2/28,1
2030/3/1,1
2030/3/2,0
2030/3/3,0
2030/3/4,1
2030/3/5,1
2030/3/6,1
2030/3/7,1
2030/3/8,1
2030/3/9,0
2030/3/10,0
2030/3/11,1
2030/3/12,1
2030/3/13,1
2030/3/14,1
2030/3/15,1
2030/3/16,0
2030/3/17,0
2030/3/18,1
2030/3/19,1
2030/3/20,1
2030/3/21,1
2030/3/22,1
2030/3/23,0
2030/3/24,0
2030/3/25,1
2030/3/26,1
2030/3/27,1
2030/3/28,1
2030/3/29,1
2030/3/30,0
2030/3/31,0
2030/4/1,1
2030/4/2,1
2030/4/3,1
2030/4/4,1
2030/4/5,0
2030/4/6,0
2030/4/7,0
2030/4/8,1
2030/4/9,1
2030/4/10,1
2030/4/11,1
2030/4/12,1
2030/4/13,0
2030/4/14,0
2030/4/15,1
2030/4/16,1
2030/4/17,1
2030/4/18,1
2030/4/19,1
2030/4/20,0
2030/4/21,0
2030/4/22,1
2030/4/23,1
2030/4/24,1
2030/4/25,1
2030/4/26,1
2030/4/27,0
2030/4/28,0
2030/4/29,1
2030/4/30,1
2030/5/1,0
2030/5/2,1
2030/5/3,1
2030/5/4,0
2030/5/5,0
2030/5/6,1
2030/5/7,1
2030/5/8,1
2030/5/9,1
2030/5/10,1
2030/5/11,0
2030/5/12,0
2030/5/13,1
2030/5/14,1
2030/5/15,1
2030/5/16,1
2030/5/17,1
2030/5/18,0
2030/5/19,0
2030/5/20,1
2030/5/21,1
2030/5/22,1
2030/5/23,1
2030/5/24,1
2030/5/25,0
2030/5/26,0
2030/5/27,1
2030/5/28,1
2030/5/29,1
2030/5/30,1
2030/5/31,1
2030/6/1,0
2030/6/2,0
2030/6/3,1
2030/6/4,1
2030/6/5,0
2030/6/6,1
2030/6/7,1
2030/6/8,0
2030/6/9,0
2030/6/10,1
2030/6/11,1
2030/6/12,1
2030/6/13,1
2030/6/14,1
2030/6/15,0
2030/6/16,0
2030/6/17,1
2030/6/18,1
2030/6/19,1
2030/6/20,1
2030/6/21,1
2030/6/22,0
2030/6/23,0
2030/6/24,1
2030/6/25,1
2030/6/26,1
2030/6/27,1
2030/6/28,1
2030/6/29,0
2030/6/30,0
2030/7/1,1
2030/7/2,1
2030/7/3,1
2030/7/4,1
2030/7/5,1
2030/7/6,0
2030/7/7,0
2030/7/8,1
2030/7/9,1
2030/7/10,1
2030/7/11,1
2030/7/12,1
2030/7/13,0
2030/7/14,0
2030/7/15,1
2030/7/16,1
2030/7/17,1
2030/7/18,1
2030/7/19,1
2030/7/20,0
2030/7/21,0
2030/7/22,1
2030/7/23,1
2030/7/24,1
2030/7/25,1
2030/7/26,1
2030/7/27,0
2030/7/28,0
2030/7/29,1
2030/7/30,1
2030/7/31,1
2030/8/1,1
2030/8/2,1
2030/8/3,0
2030/8/4,0
2030/8/5,1
2030/8/6,1
2030/8/7,1
2030/8/8,1
2030/8/9,1
2030/8/10,0
2030/8/11,0
2030/8/12,1
2030/8/13,1
2030/8/14,1
2030/8/15,1
2030/8/16,1
2030/8/17,0
2030/8/18,0
2030/8/19,1
2030/8/20,1
2030/8/21,1
2030/8/22,1
2030/8/23,1
2030/8/24,0
2030/8/25,0
2030/8/26,1
2030/8/27,1
2030/8/28,1
2030/8/29,1
2030/8/30,1
2030/8/31,0
2030/9/1,0
2030/9/2,1
2030/9/3,1
2030/9/4,1
2030/9/5,1
2030/9/6,1
2030/9/7,0
2030/9/8,0
2030/9/9,1
2030/9/10,1
2030/9/11,1
2030/9/12,0
2030/9/13,0
2030/9/14,0
2030/9/15,0
2030/9/16,1
2030/9/17,1
2030/9/18,1
2030/9/19,1
2030/9/20,1
2030/9/21,0
2030/9/22,0
2030/9/23,1
2030/9/24,1
2030/9/25,1
2030/9/26,1
2030/9/27,1
2030/9/28,0
2030/9/29,0
2030/9/30,1
2030/10/1,0
2030/10/2,0
2030/10/3,0
2030/10/4,0
2030/10/5,0
2030/10/6,0
2030/10/7,0
2030/10/8,1
2030/10/9,1
2030/10/10,1
2030/10/11,1
2030/10/12,0
2030/10/13,0
2030/10/14,1
2030/10/15,1
2030/10/16,1
2030/10/17,1
2030/10/18,1
2030/10/19,0
2030/10/20,0
2030/10/21,1
2030/10/22,1
2030/10/23,1
2030/10/24,1
2030/10/25,1
2030/10/26,0
2030/10/27,0
2030/10/28,1
2030/10/29,1
2030/10/30,1
2030/10/31,1
2030/11/1,1
2030/11/2,0
2030/11/3,0
2030/11/4,1
2030/11/5,1
2030/11/6,1
2030/11/7,1
2030/11/8,1
2030/11/9,0
2030/11/10,0
2030/11/11,1
2030/11/12,1
2030/11/13,1
2030/11/14,1
2030/11/15,1
2030/11/16,0
2030/11/17,0
2030/11/18,1
2030/11/19,1
2030/11/20,1
2030/11/21,1
2030/11/22,1
2030/11/23,0
2030/11/24,0
2030/11/25,1
2030/11/26,1
2030/11/27,1
2030/11/28,1
2030/11/29,1
2030/11/30,0
2030/12/1,0
2030/12/2,1
2030/12/3,1
2030/12/4,1
2030/12/5,1
2030/12/6,1
2030/12/7,0
2030/12/8,0
2030/12/9,1
2030/12/10,1
2030/12/11,1
2030/12/12,1
2030/12/13,1
2030/12/14,0
2030/12/15,0
2030/12/16,1
2030/12/17,1
2030/12/18,1
2030/12/19,1
2030/12/20,1
2030/12/21,0
2030/12/22,0
2030/12/23,1
2030/12/24,1
2030/12/25,1
2030/12/26,1
2030/12/27,1
2030/12/28,0
2030/12/29,0
2030/12/30,1
2030/12/31,1
2031/1/1,0
2031/1/2,1
2031/1/3,1
2031/1/4,0
2031/1/5,0
2031/1/6,1
2031/1/7,1
2031/1/8,1
2031/1/9,1
2031/1/10,1
2031/1/11,0
2031/1/12,0
2031/1/13,1
2031/1/14,1
2031/1/15,1
2031/1/16,1
2031/1/17,1
2031/1/18,0
2031/1/19,0
2031/1/20,1
2031/1/21,1
2031/1/22,0
2031/1/23,0
2031/1/24,0
2031/1/25,0
2031/1/26,0
2031/1/27,0
2031/1/28,0
2031/1/29,1
2031/1/30,1
2031/1/31,1
2031/2/1,0
2031/2/2,0
2031/2/3,1
2031/2/4,1
2031/2/5,1
2031/2/6,1
2031/2/7,1
2031/2/8,0
2031/2/9,0
2031/2/10,1
2031/2/11,1
2031/2/12,1
2031/2/13,1
2031/2/14,1
2031/2/15,0
2031/2/16,0
2031/2/17,1
2031/2/18,1
2031/2/19,1
2031/2/20,1
2031/2/21,1
2031/2/22,0
2031/2/23,0
2031/2/24,1
2031/2/25,1
2031/2/26,1
2031/2/27,1
2031/2/28,1
2031/3/1,0
2031/3/2,0
2031/3/3,1
2031/3/4,1
2031/3/5,1
2031/3/6,1
2031/3/7,1
2031/3/8,0
2031/3/9,0
2031/3/10,1
2031/3/11,1
2031/3/12,1
2031/3/13,1
2031/3/14,1
2031/3/15,0
2031/3/16,0
2031/3/17,1
2031/3/18,1
2031/3/19,1
2031/3/20,1
2031/3/21,1
2031/3/22,0
2031/3/23,0
2031/3/24,1
2031/3/25,1
2031/3/26,1
2031/3/27,1
2031/3/28,1
2031/3/29,0
2031/3/30,0
2031/3/31,1
2031/4/1,1
2031/4/2,1
2031/4/3,1
2031/4/4,1
2031/4/5,0
2031/4/6,0
2031/4/7,0
2031/4/8,1
2031/4/9,1
2031/4/10,1
2031/4/11,1
2031/4/12,0
2031/4/13,0
2031/4/14,1
2031/4/15,1
2031/4/16,1
2031/4/17,1
2031/4/18,1
2031/4/19,0
2031/4/20,0
2031/4/21,1
2031/4/22,1
2031/4/23,1
2031/4/24,1
2031/4/25,1
2031/4/26,0
2031/4/27,0
2031/4/28,1
2031/4/29,1
2031/4/30,1
2031/5/1,0
2031/5/2,0
2031/5/3,0
2031/5/4,0
2031/5/5,1
2031/5/6,1
2031/5/7,1
2031/5/8,1
2031/5/9,1
2031/5/10,0
2031/5/11,0
2031/5/12,1
2031/5/13,1
2031/5/14,1
2031/5/15,1
2031/5/16,1
2031/5/17,0
2031/5/18,0
2031/5/19,1
2031/5/20,1
2031/5/21,1
2031/5/22,1
2031/5/23,1
2031/5/24,0
2031/5/25,0
2031/5/26,1
2031/5/27,1
2031/5/28,1
2031/5/29,1
2031/5/30,1
2031/5/31,0
2031/6/1,0
2031/6/2,1
2031/6/3,1
2031/6/4,1
2031/6/5,1
2031/6/6,1
2031/6/7,0
2031/6/8,0
2031/6/9,1
2031/6/10,1
2031/6/11,1
2031/6/12,1
2031/6/13,1
2031/6/14,0
2031/6/15,0
2031/6/16,1
2031/6/17,1
2031/6/18,1
2031/6/19,1
2031/6/20,1
2031/6/21,0
2031/6/22,0
2031/6/23,0
2031/6/24,0
2031/6/25,1
2031/6/26,1
2031/6/27,1
2031/6/28,0
2031/6/29,0
2031/6/30,1
2031/7/1,1
2031/7/2,1
2031/7/3,1
2031/7/4,1
2031/7/5,0
2031/7/6,0
2031/7/7,1
2031/7/8,1
2031/7/9,1
2031/7/10,1
2031/7/11,1
2031/7/12,0
2031/7/13,0
2031/7/14,1
2031/7/15,1
2031/7/16,1
2031/7/17,1
2031/7/18,1
2031/7/19,0
2031/7/20,0
2031/7/21,1
2031/7/22,1
2031/7/23,1
2031/7/24,1
2031/7/25,1
2031/7/26,0
2031/7/27,0
2031/7/28,1
2031/7/29,1
2031/7/30,1
2031/7/31,1
2031/8/1,1
2031/8/2,0
2031/8/3,0
2031/8/4,1
2031/8/5,1
2031/8/6,1
2031/8/7,1
2031/8/8,1
2031/8/9,0
2031/8/10,0
2031/8/11,1
2031/8/12,1
2031/8/13,1
2031/8/14,1
2031/8/15,1
2031/8/16,0
2031/8/17,0
2031/8/18,1
2031/8/19,1
2031/8/20,1
2031/8/21,1
2031/8/22,1
2031/8/23,0
2031/8/24,0
2031/8/25,1
2031/8/26,1
2031/8/27,1
2031/8/28,1
2031/8/29,1
2031/8/30,0
2031/8/31,0
2031/9/1,1
2031/9/2,1
2031/9/3,1
2031/9/4,1
2031/9/5,1
2031/9/6,0
2031/9/7,0
2031/9/8,1
2031/9/9,1
2031/9/10,1
2031/9/11,1
2031/9/12,1
2031/9/13,0
2031/9/14,0
2031/9/15,1
2031/9/16,1
2031/9/17,1
2031/9/18,1
2031/9/19,1
2031/9/20,0
2031/9/21,0
2031/9/22,1
2031/9/23,1
2031/9/24,1
2031/9/25,1
2031/9/26,1
2031/9/27,0
2031/9/28,0
2031/9/29,1
2031/9/30,1
2031/10/1,0
2031/10/2,0
2031/10/3,0
2031/10/4,0
2031/10/5,0
2031/10/6,0
2031/10/7,0
2031/10/8,0
2031/10/9,1
2031/10/10,1
2031/10/11,0
2031/10/12,0
2031/10/13,1
2031/10/14,1
2031/10/15,1
2031/10/16,1
2031/10/17,1
2031/10/18,0
2031/10/19,0
2031/10/20,1
2031/10/21,1
2031/10/22,1
2031/10/23,1
2031/10/24,1
2031/10/25,0
2031/10/26,0
2031/10/27,1
2031/10/28,1
2031/10/29,1
2031/10/30,1
2031/10/31,1
2031/11/1,0
2031/11/2,0
2031/11/3,1
2031/11/4,1
2031/11/5,1
2031/11/6,1
2031/11/7,1
2031/11/8,0
2031/11/9,0
2031/11/10,1
2031/11/11,1
2031/11/12,1
2031/11/13,1
2031/11/14,1
2031/11/15,0
2031/11/16,0
2031/11/17,1
2031/11/18,1
2031/11/19,1
2031/11/20,1
2031/11/21,1
2031/11/22,0
2031/11/23,0
2031/11/24,1
2031/11/25,1
2031/11/26,1
2031/11/27,1
2031/11/28,1
2031/11/29,0
2031/11/30,0
2031/12/1,1
2031/12/2,1
2031/12/3,1
2031/12/4,1
2031/12/5,1
2031/12/6,0
2031/12/7,0
2031/12/8,1
2031/12/9,1
2031/12/10,1
2031/12/11,1
2031/12/12,1
2031/12/13,0
2031/12/14,0
2031/12/15,1
2031/12/16,1
2031/12/17,1
2031/12/18,1
2031/12/19,1
2031/12/20,0
2031/12/21,0
2031/12/22,1
2031/12/23,1
2031/12/24,1
2031/12/25,1
2031/12/26,1
2031/12/27,0
2031/12/28,0
2031/12/29,1
2031/12/30,1
2031/12/31,1
2032/1/1,0
2032/1/2,0
2032/1/3,0
2032/1/4,0
2032/1/5,1
2032/1/6,1
2032/1/7,1
2032/1/8,1
2032/1/9,1
2032/1/10,0
2032/1/11,0
2032/1/12,1
2032/1/13,1
2032/1/14,1
2032/1/15,1
2032/1/16,1
2032/1/17,0
2032/1/18,0
2032/1/19,1
2032/1/20,1
2032/1/21,1
2032/1/22,1
2032/1/23,1
2032/1/24,0
2032/1/25,0
2032/1/26,1
2032/1/27,1
2032/1/28,1
2032/1/29,1
2032/1/30,1
2032/1/31,0
2032/2/1,0
2032/2/2,1
2032/2/3,1
2032/2/4,1
2032/2/5,1
2032/2/6,1
2032/2/7,0
2032/2/8,0
2032/2/9,1
2032/2/10,0
2032/2/11,0
2032/2/12,0
2032/2/13,0
2032/2/14,0
2032/2/15,0
2032/2/16,0
2032/2/17,1
2032/2/18,1
2032/2/19,1
2032/2/20,1
2032/2/21,0
2032/2/22,0
2032/2/23,1
2032/2/24,1
2032/2/25,1
2032/2/26,1
2032/2/27,1
2032/2/28,0
2032/2/29,0
2032/3/1,1
2032/3/2,1
2032/3/3,1
2032/3/4,1
2032/3/5,1
2032/3/6,0
2032/3/7,0
2032/3/8,1
2032/3/9,1
2032/3/10,1
2032/3/11,1
2032/3/12,1
2032/3/13,0
2032/3/14,0
2032/3/15,1
2032/3/16,1
2032/3/17,1
2032/3/18,1
2032/3/19,1
2032/3/20,0
2032/3/21,0
2032/3/22,1
2032/3/23,1
2032/3/24,1
2032/3/25,1
2032/3/26,1
2032/3/27,0
2032/3/28,0
2032/3/29,1
2032/3/30,1
2032/3/31,1
2032/4/1,1
2032/4/2,1
2032/4/3,0
2032/4/4,0
2032/4/5,0
2032/4/6,1
2032/4/7,1
2032/4/8,1
2032/4/9,1
2032/4/10,0
2032/4/11,0
2032/4/12,1
2032/4/13,1
2032/4/14,1
2032/4/15,1
2032/4/16,1
2032/4/17,0
2032/4/18,0
2032/4/19,1
2032/4/20,1
2032/4/21,1
2032/4/22,1
2032/4/23,1
2032/4/24,0
2032/4/25,0
2032/4/26,1
2032/4/27,1
2032/4/28,1
2032/4/29,1
2032/4/30,1
2032/5/1,0
2032/5/2,0
2032/5/3,0
2032/5/4,1
2032/5/5,1
2032/5/6,1
2032/5/7,1
2032/5/8,0
2032/5/9,0
2032/5/10,1
2032/5/11,1
2032/5/12,1
2032/5/13,1
2032/5/14,1
2032/5/15,0
2032/5/16,0
2032/5/17,1
2032/5/18,1
2032/5/19,1
2032/5/20,1
2032/5/21,1
2032/5/22,0
2032/5/23,0
2032/5/24,1
2032/5/25,1
2032/5/26,1
2032/5/27,1
2032/5/28,1
2032/5/29,0
2032/5/30,0
2032/5/31,1
2032/6/1,1
2032/6/2,1
2032/6/3,1
2032/6/4,1
2032/6/5,0
2032/6/6,0
2032/6/7,1
2032/6/8,1
2032/6/9,1
2032/6/10,1
2032/6/11,1
2032/6/12,0
2032/6/13,0
2032/6/14,0
2032/6/15,1
2032/6/16,1
2032/6/17,1
2032/6/18,1
2032/6/19,0
2032/6/20,0
2032/6/21,1
2032/6/22,1
2032/6/23,1
2032/6/24,1
2032/6/25,1
2032/6/26,0
2032/6/27,0
2032/6/28,1
2032/6/29,1
2032/6/30,1
2032/7/1,1
2032/7/2,1
2032/7/3,0
2032/7/4,0
2032/7/5,1
2032/7/6,1
2032/7/7,1
2032/7/8,1
2032/7/9,1
2032/7/10,0
2032/7/11,0
2032/7/12,1
2032/7/13,1
2032/7/14,1
2032/7/15,1
2032/7/16,1
2032/7/17,0
2032/7/18,0
2032/7/19,1
2032/7/20,1
2032/7/21,1
2032/7/22,1
2032/7/23,1
2032/7/24,0
2032/7/25,0
2032/7/26,1
2032/7/27,1
2032/7/28,1
2032/7/29,1
2032/7/30,1
2032/7/31,0
2032/8/1,0
2032/8/2,1
2032/8/3,1
2032/8/4,1
2032/8/5,1
2032/8/6,1
2032/8/7,0
2032/8/8,0
2032/8/9,1
2032/8/10,1
2032/8/11,1
2032/8/12,1
2032/8/13,1
2032/8/14,0
2032/8/15,0
2032/8/16,1
2032/8/17,1
2032/8/18,1
2032/8/19,1
2032/8/20,1
2032/8/21,0
2032/8/22,0
2032/8/23,1
2032/8/24,1
2032/8/25,1
2032/8/26,1
2032/8/27,1
2032/8/28,0
2032/8/29,0
2032/8/30,1
2032/8/31,1
2032/9/1,1
2032/9/2,1
2032/9/3,1
2032/9/4,0
2032/9/5,0
2032/9/6,1
2032/9/7,1
2032/9/8,1
2032/9/9,1
2032/9/10,1
2032/9/11,0
2032/9/12,0
2032/9/13,1
2032/9/14,1
2032/9/15,1
2032/9/16,1
2032/9/17,1
2032/9/18,0
2032/9/19,0
2032/9/20,0
2032/9/21,1
2032/9/22,1
2032/9/23,1
2032/9/24,1
2032/9/25,0
2032/9/26,0
2032/9/27,1
2032/9/28,1
2032/9/29,1
2032/9/30,1
2032/10/1,0
2032/10/2,0
2032/10/3,0
2032/10/4,0
2032/10/5,0
2032/10/6,0
2032/10/7,0
2032/10/8,1
2032/10/9,0
2032/10/10,0
2032/10/11,1
2032/10/12,1
2032/10/13,1
2032/10/14,1
2032/10/15,1
2032/10/16,0
2032/10/17,0
2032/10/18,1
2032/10/19,1
2032/10/20,1
2032/10/21,1
2032/10/22,1
2032/10/23,0
2032/10/24,0
2032/10/25,1
2032/10/26,1
2032/10/27,1
2032/10/28,1
2032/10/29,1
2032/10/30,0
2032/10/31,0
2032/11/1,1
2032/11/2,1
2032/11/3,1
2032/11/4,1
2032/11/5,1
2032/11/6,0
2032/11/7,0
2032/11/8,1
2032/11/9,1
2032/11/10,1
2032/11/11,1
2032/11/12,1
2032/11/13,0
2032/11/14,0
2032/11/15,1
2032/11/16,1
2032/11/17,1
2032/11/18,1
2032/11/19,1
2032/11/20,0
2032/11/21,0
2032/11/22,1
2032/11/23,1
2032/11/24,1
2032/11/25,1
2032/11/26,1
2032/11/27,0
2032/11/28,0
2032/11/29,1
2032/11/30,1
2032/12/1,1
2032/12/2,1
2032/12/3,1
2032/12/4,0
2032/12/5,0
2032/12/6,1
2032/12/7,1
2032/12/8,1
2032/12/9,1
2032/12/10,1
2032/12/11,0
2032/12/12,0
2032/12/13,1
2032/12/14,1
2032/12/15,1
2032/12/16,1
2032/12/17,1
2032/12/18,0
2032/12/19,0
2032/12/20,1
2032/12/21,1
2032/12/22,1
2032/12/23,1
2032/12/24,1
2032/12/25,0
2032/12/26,0
2032/12/27,1
2032/12/28,1
2032/12/29,1
2032/12/30,1
2032/12/31,1
2033/1/1,0
2033/1/2,0
2033/1/3,0
2033/1/4,1
2033/1/5,1
2033/1/6,1
2033/1/7,1
2033/1/8,0
2033/1/9,0
2033/1/10,1
2033/1/11,1
2033/1/12,1
2033/1/13,1
2033/1/14,1
2033/1/15,0
2033/1/16,0
2033/1/17,1
2033/1/18,1
2033/1/19,1
2033/1/20,1
2033/1/21,1
2033/1/22,0
2033/1/23,0
2033/1/24,1
2033/1/25,1
2033/1/26,1
2033/1/27,1
2033/1/28,1
2033/1/29,0
2033/1/30,0
2033/1/31,0
2033/2/1,0
2033/2/2,0
2033/2/3,0
2033/2/4,0
2033/2/5,0
2033/2/6,0
2033/2/7,1
2033/2/8,1
2033/2/9,1
2033/2/10,1
2033/2/11,1
2033/2/12,0
2033/2/13,0
2033/2/14,1
2033/2/15,1
2033/2/16,1
2033/2/17,1
2033/2/18,1
2033/2/19,0
2033/2/20,0
2033/2/21,1
2033/2/22,1
2033/2/23,1
2033/2/24,1
2033/2/25,1
2033/2/26,0
2033/2/27,0
2033/2/28,1
2033/3/1,1
2033/3/2,1
2033/3/3,1
2033/3/4,1
2033/3/5,0
2033/3/6,0
2033/3/7,1
2033/3/8,1
2033/3/9,1
2033/3/10,1
2033/3/11,1
2033/3/12,0
2033/3/13,0
2033/3/14,1
2033/3/15,1
2033/3/16,1
2033/3/17,1
2033/3/18,1
2033/3/19,0
2033/3/20,0
2033/3/21,1
2033/3/22,1
2033/3/23,1
2033/3/24,1
2033/3/25,1
2033/3/26,0
2033/3/27,0
2033/3/28,1
2033/3/29,1
2033/3/30,1
2033/3/31,1
2033/4/1,1
2033/4/2,0
2033/4/3,0
2033/4/4,0
2033/4/5,1
2033/4/6,1
2033/4/7,1
2033/4/8,1
2033/4/9,0
2033/4/10,0
2033/4/11,1
2033/4/12,1
2033/4/13,1
2033/4/14,1
2033/4/15,1
2033/4/16,0
2033/4/17,0
2033/4/18,1
2033/4/19,1
2033/4/20,1
2033/4/21,1
2033/4/22,1
2033/4/23,0
2033/4/24,0
2033/4/25,1
2033/4/26,1
2033/4/27,1
2033/4/28,1
2033/4/29,1
2033/4/30,0
2033/5/1,0
2033/5/2,0
2033/5/3,1
2033/5/4,1
2033/5/5,1
2033/5/6,1
2033/5/7,0
2033/5/8,0
2033/5/9,1
2033/5/10,1
2033/5/11,1
2033/5/12,1
2033/5/13,1
2033/5/14,0
2033/5/15,0
2033/5/16,1
2033/5/17,1
2033/5/18,1
2033/5/19,1
2033/5/20,1
2033/5/21,0
2033/5/22,0
2033/5/23,1
2033/5/24,1
2033/5/25,1
2033/5/26,1
2033/5/27,1
2033/5/28,0
2033/5/29,0
2033/5/30,1
2033/5/31,1
2033/6/1,0
2033/6/2,1
2033/6/3,1
2033/6/4,0
2033/6/5,0
2033/6/6,1
2033/6/7,1
2033/6/8,1
2033/6/9,1
2033/6/10,1
2033/6/11,0
2033/6/12,0
2033/6/13,1
2033/6/14,1
2033/6/15,1
2033/6/16,1
2033/6/17,1
2033/6/18,0
2033/6/19,0
2033/6/20,1
2033/6/21,1
2033/6/22,1
2033/6/23,1
2033/6/24,1
2033/6/25,0
2033/6/26,0
2033/6/27,1
2033/6/28,1
2033/6/29,1
2033/6/30,1
2033/7/1,1
2033/7/2,0
2033/7/3,0
2033/7/4,1
2033/7/5,1
2033/7/6,1
2033/7/7,1
2033/7/8,1
2033/7/9,0
2033/7/10,0
2033/7/11,1
2033/7/12,1
2033/7/13,1
2033/7/14,1
2033/7/15,1
2033/7/16,0
2033/7/17,0
2033/7/18,1
2033/7/19,1
2033/7/20,1
2033/7/21,1
2033/7/22,1
2033/7/23,0
2033/7/24,0
2033/7/25,1
2033/7/26,1
2033/7/27,1
2033/7/28,1
2033/7/29,1
2033/7/30,0
2033/7/31,0
2033/8/1,1
2033/8/2,1
2033/8/3,1
2033/8/4,1
2033/8/5,1
2033/8/6,0
2033/8/7,0
2033/8/8,1
2033/8/9,1
2033/8/10,1
2033/8/11,1
2033/8/12,1
2033/8/13,0
2033/8/14,0
2033/8/15,1
2033/8/16,1
2033/8/17,1
2033/8/18,1
2033/8/19,1
2033/8/20,0
2033/8/21,0
2033/8/22,1
2033/8/23,1
2033/8/24,1
2033/8/25,1
2033/8/26,1
2033/8/27,0
2033/8/28,0
2033/8/29,1
2033/8/30,1
2033/8/31,1
2033/9/1,1
2033/9/2,1
2033/9/3,0
2033/9/4,0
2033/9/5,1
2033/9/6,1
2033/9/7,1
2033/9/8,0
2033/9/9,0
2033/9/10,0
2033/9/11,0
2033/9/12,1
2033/9/13,1
2033/9/14,1
2033/9/15,1
2033/9/16,1
2033/9/17,0
2033/9/18,0
2033/9/19,1
2033/9/20,1
2033/9/21,1
2033/9/22,1
2033/9/23,1
2033/9/24,0
2033/9/25,0
2033/9/26,1
2033/9/27,1
2033/9/28,1
2033/9/29,1
2033/9/30,1
2033/10/1,0
2033/10/2,0
2033/10/3,0
2033/10/4,0
2033/10/5,0
2033/10/6,0
2033/10/7,0
2033/10/8,0
2033/10/9,0
2033/10/10,1
2033/10/11,1
2033/10/12,1
2033/10/13,1
2033/10/14,1
2033/10/15,0
2033/10/16,0
2033/10/17,1
2033/10/18,1
2033/10/19,1
2033/10/20,1
2033/10/21,1
2033/10/22,0
2033/10/23,0
2033/10/24,1
2033/10/25,1
2033/10/26,1
2033/10/27,1
2033/10/28,1
2033/10/29,0
2033/10/30,0
2033/10/31,1
2033/11/1,1
2033/11/2,1
2033/11/3,1
2033/11/4,1
2033/11/5,0
2033/11/6,0
2033/11/7,1
2033/11/8,1
2033/11/9,1
2033/11/10,1
2033/11/11,1
2033/11/12,0
2033/11/13,0
2033/11/14,1
2033/11/15,1
2033/11/16,1
2033/11/17,1
2033/11/18,1
2033/11/19,0
2033/11/20,0
2033/11/21,1
2033/11/22,1
2033/11/23,1
2033/11/24,1
2033/11/25,1
2033/11/26,0
2033/11/27,0
2033/11/28,1
2033/11/29,1
2033/11/30,1
2033/12/1,1
2033/12/2,1
2033/12/3,0
2033/12/4,0
2033/12/5,1
2033/12/6,1
2033/12/7,1
2033/12/8,1
2033/12/9,1
2033/12/10,0
2033/12/11,0
2033/12/12,1
2033/12/13,1
2033/12/14,1
2033/12/15,1
2033/12/16,1
2033/12/17,0
2033/12/18,0
2033/12/19,1
2033/12/20,1
2033/12/21,1
2033/12/22,1
2033/12/23,1
2033/12/24,0
2033/12/25,0
2033/12/26,1
2033/12/27,1
2033/12/28,1
2033/12/29,1
2033/12/30,1
2033/12/31,0
2034/1/1,0
2034/1/2,0
2034/1/3,1
2034/1/4,1
2034/1/5,1
2034/1/6,1
2034/1/7,0
2034/1/8,0
2034/1/9,1
2034/1/10,1
2034/1/11,1
2034/1/12,1
2034/1/13,1
2034/1/14,0
2034/1/15,0
2034/1/16,1
2034/1/17,1
2034/1/18,1
2034/1/19,1
2034/1/20,1
2034/1/21,0
2034/1/22,0
2034/1/23,1
2034/1/24,1
2034/1/25,1
2034/1/26,1
2034/1/27,1
2034/1/28,0
2034/1/29,0
2034/1/30,1
2034/1/31,1
2034/2/1,1
2034/2/2,1
2034/2/3,1
2034/2/4,0
2034/2/5,0
2034/2/6,1
2034/2/7,1
2034/2/8,1
2034/2/9,1
2034/2/10,1
2034/2/11,0
2034/2/12,0
2034/2/13,1
2034/2/14,1
2034/2/15,1
2034/2/16,1
2034/2/17,1
2034/2/18,0
2034/2/19,0
2034/2/20,0
2034/2/21,0
2034/2/22,0
2034/2/23,0
2034/2/24,0
2034/2/25,0
2034/2/26,0
2034/2/27,1
2034/2/28,1
2034/3/1,1
2034/3/2,1
2034/3/3,1
2034/3/4,0
2034/3/5,0
2034/3/6,1
2034/3/7,1
2034/3/8,1
2034/3/9,1
2034/3/10,1
2034/3/11,0
2034/3/12,0
2034/3/13,1
2034/3/14,1
2034/3/15,1
2034/3/16,1
2034/3/17,1
2034/3/18,0
2034/3/19,0
2034/3/20,1
2034/3/21,1
2034/3/22,1
2034/3/23,1
2034/3/24,1
2034/3/25,0
2034/3/26,0
2034/3/27,1
2034/3/28,1
2034/3/29,1
2034/3/30,1
2034/3/31,1
2034/4/1,0
2034/4/2,0
2034/4/3,1
2034/4/4,1
2034/4/5,0
2034/4/6,1
2034/4/7,1
2034/4/8,0
2034/4/9,0
2034/4/10,1
2034/4/11,1
2034/4/12,1
2034/4/13,1
2034/4/14,1
2034/4/15,0
2034/4/16,0
2034/4/17,1
2034/4/18,1
2034/4/19,1
2034/4/20,1
2034/4/21,1
2034/4/22,0
2034/4/23,0
2034/4/24,1
2034/4/25,1
2034/4/26,1
2034/4/27,1
2034/4/28,1
2034/4/29,0
2034/4/30,0
2034/5/1,0
2034/5/2,1
2034/5/3,1
2034/5/4,1
2034/5/5,1
2034/5/6,0
2034/5/7,0
2034/5/8,1
2034/5/9,1
2034/5/10,1
2034/5/11,1
2034/5/12,1
2034/5/13,0
2034/5/14,0
2034/5/15,1
2034/5/16,1
2034/5/17,1
2034/5/18,1
2034/5/19,1
2034/5/20,0
2034/5/21,0
2034/5/22,1
2034/5/23,1
2034/5/24,1
2034/5/25,1
2034/5/26,1
2034/5/27,0
2034/5/28,0
2034/5/29,1
2034/5/30,1
2034/5/31,1
2034/6/1,1
2034/6/2,1
2034/6/3,0
2034/6/4,0
2034/6/5,1
2034/6/6,1
2034/6/7,1
2034/6/8,1
2034/6/9,1
2034/6/10,0
2034/6/11,0
2034/6/12,1
2034/6/13,1
2034/6/14,1
2034/6/15,1
2034/6/16,1
2034/6/17,0
2034/6/18,0
2034/6/19,0
2034/6/20,0
2034/6/21,1
2034/6/22,1
2034/6/23,1
2034/6/24,0
2034/6/25,0
2034/6/26,1
2034/6/27,1
2034/6/28,1
2034/6/29,1
2034/6/30,1
2034/7/1,0
2034/7/2,0
2034/7/3,1
2034/7/4,1
2034/7/5,1
2034/7/6,1
2034/7/7,1
2034/7/8,0
2034/7/9,0
2034/7/10,1
2034/7/11,1
2034/7/12,1
2034/7/13,1
2034/7/14,1
2034/7/15,0
2034/7/16,0
2034/7/17,1
2034/7/18,1
2034/7/19,1
2034/7/20,1
2034/7/21,1
2034/7/22,0
2034/7/23,0
2034/7/24,1
2034/7/25,1
2034/7/26,1
2034/7/27,1
2034/7/28,1
2034/7/29,0
2034/7/30,0
2034/7/31,1
2034/8/1,1
2034/8/2,1
2034/8/3,1
2034/8/4,1
2034/8/5,0
2034/8/6,0
2034/8/7,1
2034/8/8,1
2034/8/9,1
2034/8/10,1
2034/8/11,1
2034/8/12,0
2034/8/13,0
2034/8/14,1
2034/8/15,1
2034/8/16,1
2034/8/17,1
2034/8/18,1
2034/8/19,0
2034/8/20,0
2034/8/21,1
2034/8/22,1
2034/8/23,1
2034/8/24,1
2034/8/25,1
2034/8/26,0
2034/8/27,0
2034/8/28,1
2034/8/29,1
2034/8/30,1
2034/8/31,1
2034/9/1,1
2034/9/2,0
2034/9/3,0
2034/9/4,1
2034/9/5,1
2034/9/6,1
2034/9/7,1
2034/9/8,1
2034/9/9,0
2034/9/10,0
2034/9/11,1
2034/9/12,1
2034/9/13,1
2034/9/14,1
2034/9/15,1
2034/9/16,0
2034/9/17,0
2034/9/18,1
2034/9/19,1
2034/9/20,1
2034/9/21,1
2034/9/22,1
2034/9/23,0
2034/9/24,0
2034/9/25,1
2034/9/26,1
2034/9/27,0
2034/9/28,1
2034/9/29,1
2034/9/30,0
2034/10/1,0
2034/10/2,0
2034/10/3,0
2034/10/4,0
2034/10/5,0
2034/10/6,0
2034/10/7,0
2034/10/8,0
2034/10/9,1
2034/10/10,1
2034/10/11,1
2034/10/12,1
2034/10/13,1
2034/10/14,0
2034/10/15,0
2034/10/16,1
2034/10/17,1
2034/10/18,1
2034/10/19,1
2034/10/20,1
2034/10/21,0
2034/10/22,0
2034/10/23,1
2034/10/24,1
2034/10/25,1
2034/10/26,1
2034/10/27,1
2034/10/28,0
2034/10/29,0
2034/10/30,1
2034/10/31,1
2034/11/1,1
2034/11/2,1
2034/11/3,1
2034/11/4,0
2034/11/5,0
2034/11/6,1
2034/11/7,1
2034/11/8,1
2034/11/9,1
2034/11/10,1
2034/11/11,0
2034/11/12,0
2034/11/13,1
2034/11/14,1
2034/11/15,1
2034/11/16,1
2034/11/17,1
2034/11/18,0
2034/11/19,0
2034/11/20,1
2034/11/21,1
2034/11/22,1
2034/11/23,1
2034/11/24,1
2034/11/25,0
2034/11/26,0
2034/11/27,1
2034/11/28,1
2034/11/29,1
2034/11/30,1
2034/12/1,1
2034/12/2,0
2034/12/3,0
2034/12/4,1
2034/12/5,1
2034/12/6,1
2034/12/7,1
2034/12/8,1
2034/12/9,0
2034/12/10,0
2034/12/11,1
2034/12/12,1
2034/12/13,1
2034/12/14,1
2034/12/15,1
2034/12/16,0
2034/12/17,0
2034/12/18,1
2034/12/19,1
2034/12/20,1
2034/12/21,1
2034/12/22,1
2034/12/23,0
2034/12/24,0
2034/12/25,1
2034/12/26,1
